name,num_cross,PD_code
K6a3,6,"[[4,2,5,1],[2,9,3,10],[8,3,9,4],[12,6,1,5],[6,12,7,11],[10,8,11,7]]"
K8a16,8,"[[6,2,7,1],[2,13,3,14],[10,3,11,4],[4,11,5,12],[12,5,13,6],[14,8,15,7],[8,16,9,15],[16,10,1,9]]"
K8a4,8,"[[4,2,5,1],[2,8,3,7],[8,4,9,3],[12,5,13,6],[6,13,7,14],[16,9,1,10],[10,15,11,16],[14,11,15,12]]"
K8n1,8,"[[4,2,5,1],[2,8,3,7],[8,4,9,3],[5,12,6,13],[11,6,12,7],[9,14,10,15],[15,10,16,11],[13,16,14,1]]"
K9a12,9,"[[4,2,5,1],[2,10,3,9],[10,4,11,3],[12,5,13,6],[6,16,7,15],[14,8,15,7],[8,17,9,18],[18,11,1,12],[16,13,17,14]]"
K9n5,9,"[[4,2,5,1],[2,11,3,12],[10,3,11,4],[5,14,6,15],[13,6,14,7],[7,12,8,13],[17,9,18,8],[9,17,10,16],[15,18,16,1]]"
K10a103,10,"[[6,2,7,1],[2,10,3,9],[10,4,11,3],[4,18,5,17],[18,6,19,5],[14,7,15,8],[8,15,9,16],[16,11,17,12],[12,19,13,20],[20,13,1,14]]"
K11a103,11,"[[4,2,5,1],[2,11,3,12],[10,3,11,4],[14,6,15,5],[6,14,7,13],[12,8,13,7],[8,19,9,20],[18,9,19,10],[22,16,1,15],[16,22,17,21],[20,18,21,17]]"
K11a165,11,"[[4,2,5,1],[2,10,3,9],[10,4,11,3],[18,6,19,5],[6,18,7,17],[16,8,17,7],[8,16,9,15],[20,11,21,12],[12,21,13,22],[22,13,1,14],[14,19,15,20]]"
K11a201,11,"[[4,2,5,1],[2,13,3,14],[12,3,13,4],[16,6,17,5],[6,16,7,15],[14,8,15,7],[8,21,9,22],[20,9,21,10],[10,19,11,20],[18,11,19,12],[22,18,1,17]]"
K11a58,11,"[[4,2,5,1],[2,8,3,7],[8,4,9,3],[16,6,17,5],[6,16,7,15],[20,9,21,10],[10,21,11,22],[22,11,1,12],[12,19,13,20],[18,13,19,14],[14,17,15,18]]"
K11n34,11,"[[4,2,5,1],[2,8,3,7],[8,4,9,3],[12,5,13,6],[6,13,7,14],[9,17,10,16],[21,10,22,11],[11,18,12,19],[19,14,20,15],[15,20,16,21],[17,1,18,22]]"
K11n67,11,"[[4,2,5,1],[2,8,3,7],[8,4,9,3],[14,5,15,6],[6,15,7,16],[9,19,10,18],[17,11,18,10],[11,17,12,16],[21,12,22,13],[13,20,14,21],[19,1,20,22]]"
K11n97,11,"[[4,2,5,1],[2,11,3,12],[10,3,11,4],[14,6,15,5],[6,14,7,13],[12,8,13,7],[19,9,20,8],[9,19,10,18],[15,20,16,21],[21,16,22,17],[17,22,18,1]]"
K12a990,12,"[[6,2,7,1],[2,21,3,22],[10,3,11,4],[4,11,5,12],[20,5,21,6],[22,8,23,7],[8,15,9,16],[14,9,15,10],[12,20,13,19],[18,14,19,13],[16,24,17,23],[24,18,1,17]]"
K12n440,12,"[[4,2,5,1],[2,10,3,9],[10,4,11,3],[5,16,6,17],[23,7,24,6],[12,7,13,8],[8,20,9,19],[18,12,19,11],[20,13,21,14],[14,21,15,22],[22,15,23,16],[17,24,18,1]]"
K12n49,12,"[[4,2,5,1],[2,9,3,10],[8,3,9,4],[10,6,11,5],[17,7,18,6],[7,17,8,16],[11,20,12,21],[19,12,20,13],[13,18,14,19],[23,15,24,14],[15,23,16,22],[21,24,22,1]]"
K12n553,12,"[[4,2,5,1],[2,13,3,14],[12,3,13,4],[5,16,6,17],[15,6,16,7],[7,14,8,15],[19,9,20,8],[9,19,10,18],[23,11,24,10],[11,23,12,22],[17,20,18,21],[21,24,22,1]]"
K12n556,12,"[[4,2,5,1],[2,13,3,14],[12,3,13,4],[16,6,17,5],[6,16,7,15],[14,8,15,7],[8,19,9,20],[18,9,19,10],[23,11,24,10],[11,23,12,22],[20,18,21,17],[21,24,22,1]]"
K13a2044,13,"[[4,2,5,1],[2,12,3,11],[12,4,13,3],[16,5,17,6],[6,22,7,21],[18,8,19,7],[8,20,9,19],[20,10,21,9],[10,23,11,24],[24,13,25,14],[14,25,15,26],[26,15,1,16],[22,17,23,18]]"
K13a3071,13,"[[4,2,5,1],[2,16,3,15],[16,4,17,3],[12,5,13,6],[6,13,7,14],[14,7,15,8],[8,24,9,23],[20,10,21,9],[10,22,11,21],[22,12,23,11],[24,17,25,18],[18,25,19,26],[26,19,1,20]]"
K13a521,13,"[[4,2,5,1],[2,8,3,7],[8,4,9,3],[16,5,17,6],[6,17,7,18],[22,9,23,10],[10,21,11,22],[20,11,21,12],[12,26,13,25],[24,14,25,13],[14,19,15,20],[18,15,19,16],[26,23,1,24]]"
K13n1156,13,"[[4,2,5,1],[2,8,3,7],[8,4,9,3],[5,17,6,16],[17,7,18,6],[18,9,19,10],[10,21,11,22],[20,11,21,12],[12,19,13,20],[22,13,23,14],[14,26,15,25],[24,16,25,15],[26,23,1,24]]"
K13n1191,13,"[[4,2,5,1],[2,8,3,7],[8,4,9,3],[5,16,6,17],[15,6,16,7],[9,18,10,19],[23,11,24,10],[11,25,12,24],[19,12,20,13],[13,20,14,21],[21,14,22,15],[17,26,18,1],[25,23,26,22]]"
K13n1194,13,"[[4,2,5,1],[2,8,3,7],[8,4,9,3],[16,6,17,5],[6,16,7,15],[9,18,10,19],[23,11,24,10],[11,25,12,24],[19,12,20,13],[13,20,14,21],[21,14,22,15],[17,26,18,1],[25,23,26,22]]"
K13n1196,13,"[[4,2,5,1],[2,8,3,7],[8,4,9,3],[5,16,6,17],[15,6,16,7],[9,18,10,19],[23,10,24,11],[11,24,12,25],[25,12,26,13],[13,21,14,20],[21,15,22,14],[17,26,18,1],[19,23,20,22]]"
K13n1198,13,"[[4,2,5,1],[2,8,3,7],[8,4,9,3],[16,6,17,5],[6,16,7,15],[9,18,10,19],[23,10,24,11],[11,24,12,25],[25,12,26,13],[13,21,14,20],[21,15,22,14],[17,26,18,1],[19,23,20,22]]"
K13n2199,13,"[[4,2,5,1],[2,10,3,9],[10,4,11,3],[14,5,15,6],[6,22,7,21],[24,8,25,7],[8,17,9,18],[18,11,19,12],[25,12,26,13],[13,20,14,21],[22,15,23,16],[16,23,17,24],[19,1,20,26]]"
K13n2927,13,"[[4,2,5,1],[2,13,3,14],[12,3,13,4],[16,6,17,5],[6,16,7,15],[14,8,15,7],[23,8,24,9],[9,19,10,18],[10,25,11,26],[20,12,21,11],[17,23,18,22],[24,20,25,19],[26,21,1,22]]"
K13n3871,13,"[[6,2,7,1],[2,15,3,16],[8,3,9,4],[4,9,5,10],[14,5,15,6],[16,8,17,7],[23,10,24,11],[11,19,12,18],[19,13,20,12],[13,24,14,25],[17,23,18,22],[25,21,26,20],[21,1,22,26]]"
K13n3872,13,"[[6,2,7,1],[2,15,3,16],[8,3,9,4],[4,9,5,10],[14,5,15,6],[16,8,17,7],[19,10,20,11],[11,25,12,24],[25,13,26,12],[13,20,14,21],[17,23,18,22],[23,19,24,18],[21,1,22,26]]"
K13n3897,13,"[[6,2,7,1],[2,16,3,15],[8,3,9,4],[4,9,5,10],[16,6,17,5],[14,7,15,8],[23,10,24,11],[11,18,12,19],[19,12,20,13],[13,22,14,23],[17,25,18,24],[25,21,26,20],[21,1,22,26]]"
K13n3936,13,"[[6,2,7,1],[2,21,3,22],[8,3,9,4],[4,9,5,10],[20,5,21,6],[22,8,23,7],[15,11,16,10],[11,25,12,24],[25,13,26,12],[13,19,14,18],[19,15,20,14],[23,16,24,17],[17,26,18,1]]"
K13n4582,13,"[[6,2,7,1],[2,11,3,12],[10,3,11,4],[21,4,22,5],[5,22,6,23],[12,8,13,7],[17,9,18,8],[9,17,10,16],[26,14,1,13],[14,24,15,23],[20,16,21,15],[18,25,19,26],[24,19,25,20]]"
K13n65,13,"[[4,2,5,1],[2,9,3,10],[8,3,9,4],[10,6,11,5],[6,15,7,16],[14,7,15,8],[11,21,12,20],[25,13,26,12],[13,18,14,19],[23,17,24,16],[17,23,18,22],[19,1,20,26],[21,24,22,25]]"
K13n866,13,"[[4,2,5,1],[2,8,3,7],[8,4,9,3],[14,5,15,6],[6,15,7,16],[9,19,10,18],[25,10,26,11],[11,24,12,25],[23,12,24,13],[13,20,14,21],[21,16,22,17],[17,22,18,23],[19,1,20,26]]"
K14a12741,14,"[[4,2,5,1],[2,17,3,18],[16,3,17,4],[28,6,1,5],[6,28,7,27],[26,8,27,7],[8,26,9,25],[24,10,25,9],[10,24,11,23],[22,12,23,11],[12,22,13,21],[20,14,21,13],[14,20,15,19],[18,16,19,15]]"
K14a14913,14,"[[6,2,7,1],[2,19,3,20],[12,4,13,3],[4,18,5,17],[10,5,11,6],[24,7,25,8],[8,23,9,24],[28,10,1,9],[18,12,19,11],[20,13,21,14],[14,26,15,25],[22,16,23,15],[16,27,17,28],[26,21,27,22]]"
K14a4364,14,"[[4,2,5,1],[2,10,3,9],[10,4,11,3],[16,5,17,6],[6,20,7,19],[18,8,19,7],[8,21,9,22],[26,11,27,12],[12,27,13,28],[28,13,1,14],[14,24,15,23],[24,16,25,15],[20,17,21,18],[22,26,23,25]]"
K14a7319,14,"[[4,2,5,1],[2,12,3,11],[12,4,13,3],[16,5,17,6],[6,25,7,26],[18,8,19,7],[8,21,9,22],[20,9,21,10],[10,24,11,23],[26,13,27,14],[14,27,15,28],[28,15,1,16],[24,18,25,17],[22,20,23,19]]"
K14n10011,14,"[[4,2,5,1],[2,11,3,12],[10,3,11,4],[16,5,17,6],[6,17,7,18],[12,8,13,7],[8,20,9,19],[20,10,21,9],[18,13,19,14],[25,14,26,15],[15,24,16,25],[21,27,22,26],[27,23,28,22],[23,1,24,28]]"
K14n11063,14,"[[4,2,5,1],[2,11,3,12],[10,3,11,4],[16,5,17,6],[23,6,24,7],[7,20,8,21],[25,9,26,8],[14,10,15,9],[12,18,13,17],[18,14,19,13],[28,15,1,16],[19,25,20,24],[21,26,22,27],[27,22,28,23]]"
K14n11817,14,"[[4,2,5,1],[2,10,3,9],[10,4,11,3],[5,18,6,19],[27,7,28,6],[12,7,13,8],[8,22,9,21],[20,12,21,11],[24,13,25,14],[14,25,15,26],[26,15,27,16],[16,23,17,24],[22,17,23,18],[19,28,20,1]]"
K14n14149,14,"[[4,2,5,1],[2,13,3,14],[12,3,13,4],[16,6,17,5],[6,16,7,15],[14,8,15,7],[21,9,22,8],[9,19,10,18],[10,27,11,28],[24,11,25,12],[17,22,18,23],[26,20,27,19],[20,26,21,25],[28,24,1,23]]"
K14n14150,14,"[[4,2,5,1],[2,13,3,14],[12,3,13,4],[16,6,17,5],[6,16,7,15],[14,8,15,7],[8,21,9,22],[18,9,19,10],[27,11,28,10],[11,25,12,24],[22,18,23,17],[19,26,20,27],[25,20,26,21],[23,28,24,1]]"
K14n14151,14,"[[4,2,5,1],[2,13,3,14],[12,3,13,4],[16,6,17,5],[6,16,7,15],[14,8,15,7],[8,21,9,22],[18,9,19,10],[27,11,28,10],[11,25,12,24],[22,18,23,17],[26,20,27,19],[20,26,21,25],[23,28,24,1]]"
K14n14502,14,"[[4,2,5,1],[2,13,3,14],[12,3,13,4],[5,16,6,17],[17,6,18,7],[7,18,8,19],[23,9,24,8],[9,21,10,20],[27,11,28,10],[11,27,12,26],[21,15,22,14],[15,23,16,22],[19,24,20,25],[25,28,26,1]]"
K14n14508,14,"[[4,2,5,1],[2,13,3,14],[12,3,13,4],[16,6,17,5],[6,18,7,17],[18,8,19,7],[8,23,9,24],[20,9,21,10],[27,11,28,10],[11,27,12,26],[14,21,15,22],[22,15,23,16],[24,20,25,19],[25,28,26,1]]"
K14n16092,14,"[[4,2,5,1],[2,12,3,11],[12,4,13,3],[18,6,19,5],[6,20,7,19],[7,24,8,25],[23,8,24,9],[20,10,21,9],[10,18,11,17],[13,26,14,27],[27,14,28,15],[22,15,23,16],[16,21,17,22],[25,28,26,1]]"
K14n16105,14,"[[4,2,5,1],[2,12,3,11],[12,4,13,3],[5,19,6,18],[21,7,22,6],[24,7,25,8],[8,25,9,26],[9,21,10,20],[19,11,20,10],[26,13,27,14],[14,27,15,28],[28,15,1,16],[23,17,24,16],[17,23,18,22]]"
K14n17618,14,"[[4,2,5,1],[2,14,3,13],[14,4,15,3],[5,11,6,10],[19,6,20,7],[7,22,8,23],[17,9,18,8],[9,25,10,24],[20,11,21,12],[12,21,13,22],[15,26,16,27],[27,16,28,17],[23,18,24,19],[25,28,26,1]]"
K14n17953,14,"[[4,2,5,1],[2,15,3,16],[14,3,15,4],[5,18,6,19],[17,6,18,7],[7,16,8,17],[27,9,28,8],[9,23,10,22],[21,11,22,10],[11,21,12,20],[25,12,26,13],[13,24,14,25],[19,28,20,1],[23,27,24,26]]"
K14n18909,14,"[[4,2,5,1],[2,17,3,18],[16,3,17,4],[10,5,11,6],[6,11,7,12],[18,8,19,7],[8,16,9,15],[28,9,1,10],[25,13,26,12],[13,20,14,21],[23,14,24,15],[19,24,20,25],[21,27,22,26],[27,23,28,22]]"
K14n18911,14,"[[4,2,5,1],[2,17,3,18],[16,3,17,4],[10,5,11,6],[6,11,7,12],[18,8,19,7],[8,16,9,15],[28,9,1,10],[23,12,24,13],[13,26,14,27],[21,15,22,14],[19,25,20,24],[25,21,26,20],[27,22,28,23]]"
K14n18949,14,"[[4,2,5,1],[2,17,3,18],[16,3,17,4],[5,10,6,11],[23,6,24,7],[7,20,8,21],[25,9,26,8],[9,19,10,18],[22,11,23,12],[12,21,13,22],[28,14,1,13],[14,28,15,27],[26,16,27,15],[19,25,20,24]]"
K14n216,14,"[[4,2,5,1],[2,9,3,10],[8,3,9,4],[10,6,11,5],[6,14,7,13],[14,8,15,7],[20,11,21,12],[12,21,13,22],[15,25,16,24],[23,17,24,16],[17,23,18,22],[27,18,28,19],[19,26,20,27],[25,1,26,28]]"
K14n21673,14,"[[6,2,7,1],[2,19,3,20],[10,3,11,4],[4,18,5,17],[12,6,13,5],[7,26,8,27],[21,9,22,8],[9,25,10,24],[18,11,19,12],[13,1,14,28],[27,15,28,14],[15,22,16,23],[23,16,24,17],[25,21,26,20]]"
K14n229,14,"[[4,2,5,1],[2,9,3,10],[8,3,9,4],[10,6,11,5],[6,14,7,13],[14,8,15,7],[20,11,21,12],[12,21,13,22],[15,24,16,25],[23,16,24,17],[17,1,18,28],[27,19,28,18],[19,27,20,26],[25,23,26,22]]"
K14n3713,14,"[[4,2,5,1],[2,8,3,7],[8,4,9,3],[5,15,6,14],[15,7,16,6],[20,9,21,10],[10,23,11,24],[24,11,25,12],[17,12,18,13],[13,18,14,19],[19,16,20,17],[26,22,27,21],[22,28,23,27],[28,26,1,25]]"
K14n4425,14,"[[4,2,5,1],[2,8,3,7],[8,4,9,3],[14,5,15,6],[6,15,7,16],[9,27,10,26],[21,11,22,10],[11,19,12,18],[23,12,24,13],[13,24,14,25],[25,16,26,17],[17,22,18,23],[19,28,20,1],[27,20,28,21]]"
K14n4479,14,"[[4,2,5,1],[2,8,3,7],[8,4,9,3],[5,15,6,14],[15,7,16,6],[9,26,10,27],[27,10,28,11],[22,11,23,12],[12,18,13,17],[20,14,21,13],[16,22,17,21],[18,23,19,24],[24,19,25,20],[25,28,26,1]]"
K14n4482,14,"[[4,2,5,1],[2,8,3,7],[8,4,9,3],[14,5,15,6],[6,15,7,16],[9,26,10,27],[27,10,28,11],[11,23,12,22],[17,12,18,13],[13,20,14,21],[21,16,22,17],[23,19,24,18],[19,25,20,24],[25,28,26,1]]"
K14n4621,14,"[[4,2,5,1],[2,9,3,10],[8,3,9,4],[14,5,15,6],[6,15,7,16],[10,8,11,7],[11,25,12,24],[17,12,18,13],[13,22,14,23],[23,16,24,17],[27,19,28,18],[19,27,20,26],[25,21,26,20],[21,1,22,28]]"
K14n4939,14,"[[4,2,5,1],[2,8,3,7],[8,4,9,3],[16,5,17,6],[6,17,7,18],[20,9,21,10],[10,19,11,20],[18,11,19,12],[12,24,13,23],[22,14,23,13],[27,14,28,15],[15,26,16,27],[24,21,25,22],[25,1,26,28]]"
K14n5389,14,"[[4,2,5,1],[2,8,3,7],[8,4,9,3],[5,17,6,16],[17,7,18,6],[22,9,23,10],[10,28,11,27],[26,12,27,11],[12,26,13,25],[24,14,25,13],[19,14,20,15],[15,20,16,21],[21,18,22,19],[28,23,1,24]]"
K14n5486,14,"[[4,2,5,1],[2,8,3,7],[8,4,9,3],[16,6,17,5],[6,16,7,15],[9,24,10,25],[23,10,24,11],[11,22,12,23],[19,12,20,13],[13,18,14,19],[25,14,26,15],[17,26,18,27],[20,28,21,27],[28,22,1,21]]"
K14n5634,14,"[[4,2,5,1],[2,8,3,7],[8,4,9,3],[5,16,6,17],[15,6,16,7],[26,10,27,9],[10,28,11,27],[11,22,12,23],[23,12,24,13],[13,18,14,19],[19,14,20,15],[17,20,18,21],[21,24,22,25],[28,26,1,25]]"
K14n6223,14,"[[4,2,5,1],[2,8,3,7],[8,4,9,3],[18,6,19,5],[6,18,7,17],[9,25,10,24],[23,11,24,10],[11,23,12,22],[27,12,28,13],[13,26,14,27],[14,19,15,20],[20,15,21,16],[16,21,17,22],[25,1,26,28]]"
K14n6300,14,"[[4,2,5,1],[2,8,3,7],[8,4,9,3],[18,6,19,5],[6,18,7,17],[26,9,27,10],[10,27,11,28],[28,11,1,12],[21,13,22,12],[13,21,14,20],[19,15,20,14],[15,24,16,25],[23,16,24,17],[25,23,26,22]]"
K14n7602,14,"[[4,2,5,1],[2,11,3,12],[10,3,11,4],[14,6,15,5],[6,14,7,13],[12,8,13,7],[19,9,20,8],[9,19,10,18],[15,26,16,27],[21,17,22,16],[17,25,18,24],[25,21,26,20],[27,22,28,23],[23,28,24,1]]"
K14n7615,14,"[[4,2,5,1],[2,11,3,12],[10,3,11,4],[5,14,6,15],[13,6,14,7],[7,12,8,13],[21,9,22,8],[9,21,10,20],[15,24,16,25],[23,16,24,17],[17,22,18,23],[27,19,28,18],[19,27,20,26],[25,28,26,1]]"
K14n7617,14,"[[4,2,5,1],[2,11,3,12],[10,3,11,4],[14,6,15,5],[6,14,7,13],[12,8,13,7],[21,9,22,8],[9,21,10,20],[15,24,16,25],[23,16,24,17],[17,22,18,23],[27,19,28,18],[19,27,20,26],[25,28,26,1]]"
K14n7628,14,"[[4,2,5,1],[2,11,3,12],[10,3,11,4],[14,6,15,5],[6,14,7,13],[12,8,13,7],[21,9,22,8],[9,21,10,20],[15,25,16,24],[23,17,24,16],[17,28,18,1],[27,18,28,19],[19,26,20,27],[25,22,26,23]]"
K14n7632,14,"[[4,2,5,1],[2,11,3,12],[10,3,11,4],[14,6,15,5],[6,14,7,13],[12,8,13,7],[21,9,22,8],[9,21,10,20],[15,27,16,26],[27,17,28,16],[17,22,18,23],[23,18,24,19],[19,24,20,25],[25,1,26,28]]"
K14n7685,14,"[[4,2,5,1],[2,11,3,12],[10,3,11,4],[14,6,15,5],[6,14,7,13],[12,8,13,7],[25,9,26,8],[9,25,10,24],[15,20,16,21],[21,16,22,17],[17,28,18,1],[23,19,24,18],[19,27,20,26],[27,23,28,22]]"
K14n9023,14,"[[4,2,5,1],[2,11,3,12],[10,3,11,4],[14,6,15,5],[25,7,26,6],[7,20,8,21],[23,8,24,9],[16,9,17,10],[12,17,13,18],[18,13,19,14],[28,16,1,15],[19,24,20,25],[21,27,22,26],[27,23,28,22]]"
K15n103703,15,"[[4,2,5,1],[2,15,3,16],[14,3,15,4],[5,21,6,20],[25,7,26,6],[7,27,8,26],[19,9,20,8],[30,10,1,9],[10,30,11,29],[28,12,29,11],[23,12,24,13],[13,22,14,23],[21,16,22,17],[17,24,18,25],[27,18,28,19]]"
K15n110439,15,"[[4,2,5,1],[2,17,3,18],[16,3,17,4],[5,13,6,12],[11,7,12,6],[7,22,8,23],[29,9,30,8],[9,21,10,20],[27,10,28,11],[13,18,14,19],[14,25,15,26],[24,15,25,16],[19,26,20,27],[21,29,22,28],[30,24,1,23]]"
K15n11287,15,"[[4,2,5,1],[2,9,3,10],[8,3,9,4],[12,6,13,5],[6,19,7,20],[16,7,17,8],[10,17,11,18],[18,11,19,12],[13,25,14,24],[29,15,30,14],[15,22,16,23],[27,21,28,20],[21,27,22,26],[23,1,24,30],[25,28,26,29]]"
K15n115646,15,"[[4,2,5,1],[2,18,3,17],[18,4,19,3],[10,6,11,5],[6,14,7,13],[7,22,8,23],[21,8,22,9],[14,10,15,9],[11,30,12,1],[29,12,30,13],[15,26,16,27],[25,16,26,17],[24,20,25,19],[20,28,21,27],[28,24,29,23]]"
K15n11568,15,"[[4,2,5,1],[2,9,3,10],[8,3,9,4],[12,6,13,5],[6,27,7,28],[24,7,25,8],[10,25,11,26],[26,11,27,12],[13,16,14,17],[21,15,22,14],[15,21,16,20],[17,30,18,1],[23,19,24,18],[19,29,20,28],[29,23,30,22]]"
K15n11570,15,"[[4,2,5,1],[2,9,3,10],[8,3,9,4],[12,6,13,5],[6,27,7,28],[24,7,25,8],[10,25,11,26],[26,11,27,12],[13,19,14,18],[29,15,30,14],[15,23,16,22],[21,17,22,16],[17,1,18,30],[19,28,20,29],[23,20,24,21]]"
K15n117232,15,"[[4,2,5,1],[2,18,3,17],[18,4,19,3],[5,15,6,14],[13,7,14,6],[7,30,8,1],[19,8,20,9],[9,24,10,25],[27,10,28,11],[11,23,12,22],[21,13,22,12],[26,16,27,15],[16,26,17,25],[29,20,30,21],[23,28,24,29]]"
K15n120055,15,"[[6,2,7,1],[2,8,3,7],[8,4,9,3],[4,15,5,16],[14,5,15,6],[9,25,10,24],[17,11,18,10],[11,19,12,18],[29,13,30,12],[13,22,14,23],[25,16,26,17],[19,26,20,27],[27,20,28,21],[21,28,22,29],[23,1,24,30]]"
K15n121598,15,"[[6,2,7,1],[2,8,3,7],[8,4,9,3],[4,17,5,18],[16,5,17,6],[9,27,10,26],[19,11,20,10],[11,28,12,29],[23,12,24,13],[13,22,14,23],[21,14,22,15],[15,24,16,25],[27,18,28,19],[29,21,30,20],[25,1,26,30]]"
K15n121834,15,"[[6,2,7,1],[2,17,3,18],[8,3,9,4],[4,9,5,10],[16,5,17,6],[18,8,19,7],[27,10,28,11],[11,21,12,20],[23,13,24,12],[13,23,14,22],[21,15,22,14],[15,28,16,29],[19,27,20,26],[29,25,30,24],[25,1,26,30]]"
K15n121916,15,"[[6,2,7,1],[2,17,3,18],[8,3,9,4],[4,9,5,10],[16,5,17,6],[18,8,19,7],[21,10,22,11],[11,27,12,26],[29,13,30,12],[13,29,14,28],[27,15,28,14],[15,22,16,23],[19,25,20,24],[25,21,26,20],[23,1,24,30]]"
K15n122603,15,"[[6,2,7,1],[2,18,3,17],[8,3,9,4],[4,9,5,10],[18,6,19,5],[16,7,17,8],[27,10,28,11],[11,20,12,21],[23,12,24,13],[13,22,14,23],[21,14,22,15],[15,26,16,27],[19,29,20,28],[29,25,30,24],[25,1,26,30]]"
K15n123414,15,"[[6,2,7,1],[2,23,3,24],[8,3,9,4],[4,9,5,10],[22,5,23,6],[24,8,25,7],[17,11,18,10],[11,27,12,26],[29,13,30,12],[13,29,14,28],[27,15,28,14],[15,21,16,20],[21,17,22,16],[25,18,26,19],[19,30,20,1]]"
K15n124496,15,"[[6,2,7,1],[2,12,3,11],[10,4,11,3],[4,10,5,9],[12,6,13,5],[16,7,17,8],[8,17,9,18],[13,23,14,22],[29,14,30,15],[15,24,16,25],[27,18,28,19],[19,26,20,27],[25,20,26,21],[21,28,22,29],[23,1,24,30]]"
K15n124640,15,"[[6,2,7,1],[2,25,3,26],[10,3,11,4],[4,24,5,23],[12,6,13,5],[7,17,8,16],[27,9,28,8],[9,18,10,19],[24,11,25,12],[22,14,23,13],[29,14,30,15],[15,21,16,20],[17,26,18,27],[19,29,20,28],[21,30,22,1]]"
K15n130504,15,"[[6,2,7,1],[2,8,3,7],[10,4,11,3],[4,19,5,20],[16,5,17,6],[8,17,9,18],[18,9,19,10],[11,25,12,24],[27,13,28,12],[13,29,14,28],[29,15,30,14],[15,22,16,23],[25,20,26,21],[21,26,22,27],[23,1,24,30]]"
K15n132965,15,"[[6,2,7,1],[2,19,3,20],[10,3,11,4],[13,5,14,4],[5,17,6,16],[26,7,27,8],[8,21,9,22],[28,10,29,9],[11,19,12,18],[17,13,18,12],[23,14,24,15],[15,24,16,25],[20,28,21,27],[22,29,23,30],[30,25,1,26]]"
K15n137921,15,"[[6,2,7,1],[2,21,3,22],[10,4,11,3],[4,10,5,9],[20,5,21,6],[30,8,1,7],[8,19,9,20],[11,17,12,16],[27,13,28,12],[13,29,14,28],[23,14,24,15],[15,22,16,23],[17,26,18,27],[25,18,26,19],[29,25,30,24]]"
K15n138033,15,"[[6,2,7,1],[2,8,3,7],[10,4,11,3],[4,25,5,26],[22,5,23,6],[8,23,9,24],[24,9,25,10],[11,16,12,17],[17,12,18,13],[13,30,14,1],[21,15,22,14],[15,27,16,26],[27,19,28,18],[19,29,20,28],[29,21,30,20]]"
K15n138051,15,"[[6,2,7,1],[2,8,3,7],[10,4,11,3],[4,25,5,26],[22,5,23,6],[8,23,9,24],[24,9,25,10],[11,19,12,18],[27,13,28,12],[13,29,14,28],[29,15,30,14],[15,20,16,21],[21,16,22,17],[17,1,18,30],[19,26,20,27]]"
K15n140327,15,"[[6,2,7,1],[2,11,3,12],[10,3,11,4],[25,5,26,4],[5,25,6,24],[12,8,13,7],[17,8,18,9],[9,18,10,19],[13,30,14,1],[29,14,30,15],[15,22,16,23],[21,16,22,17],[26,20,27,19],[20,28,21,27],[23,28,24,29]]"
K15n140449,15,"[[6,2,7,1],[2,11,3,12],[10,3,11,4],[23,4,24,5],[5,24,6,25],[12,8,13,7],[19,9,20,8],[9,19,10,18],[30,14,1,13],[14,30,15,29],[28,16,29,15],[16,26,17,25],[22,18,23,17],[20,27,21,28],[26,21,27,22]]"
K15n144034,15,"[[6,2,7,1],[2,21,3,22],[10,3,11,4],[4,26,5,25],[30,6,1,5],[22,8,23,7],[8,24,9,23],[24,10,25,9],[11,16,12,17],[17,12,18,13],[13,27,14,26],[29,15,30,14],[15,20,16,21],[27,18,28,19],[19,28,20,29]]"
K15n146982,15,"[[6,2,7,1],[23,3,24,2],[3,13,4,12],[21,4,22,5],[5,14,6,15],[30,8,1,7],[8,16,9,15],[28,9,29,10],[10,25,11,26],[18,12,19,11],[13,23,14,22],[16,30,17,29],[24,18,25,17],[26,19,27,20],[20,27,21,28]]"
K15n154389,15,"[[6,2,7,1],[2,22,3,21],[3,12,4,13],[11,4,12,5],[22,6,23,5],[7,27,8,26],[29,9,30,8],[9,14,10,15],[17,10,18,11],[13,18,14,19],[24,16,25,15],[16,24,17,23],[28,19,29,20],[20,27,21,28],[25,1,26,30]]"
K15n155464,15,"[[6,2,7,1],[2,24,3,23],[3,12,4,13],[11,4,12,5],[24,6,25,5],[26,7,27,8],[8,29,9,30],[9,21,10,20],[19,11,20,10],[13,19,14,18],[21,15,22,14],[28,15,29,16],[16,27,17,28],[17,23,18,22],[30,25,1,26]]"
K15n157903,15,"[[6,2,7,1],[2,14,3,13],[14,4,15,3],[4,18,5,17],[18,6,19,5],[7,24,8,25],[25,8,26,9],[9,21,10,20],[21,11,22,10],[11,26,12,27],[23,12,24,13],[28,15,29,16],[16,29,17,30],[30,19,1,20],[27,23,28,22]]"
K15n16056,15,"[[4,2,5,1],[2,8,3,7],[8,4,9,3],[14,6,15,5],[6,14,7,13],[20,9,21,10],[10,19,11,20],[18,11,19,12],[12,17,13,18],[15,24,16,25],[23,16,24,17],[21,29,22,28],[27,23,28,22],[25,30,26,1],[29,26,30,27]]"
K15n17501,15,"[[4,2,5,1],[2,8,3,7],[8,4,9,3],[14,5,15,6],[6,15,7,16],[9,20,10,21],[19,10,20,11],[11,1,12,30],[23,12,24,13],[13,24,14,25],[27,17,28,16],[17,27,18,26],[21,19,22,18],[29,22,30,23],[25,28,26,29]]"
K15n21905,15,"[[4,2,5,1],[2,9,3,10],[8,3,9,4],[14,6,15,5],[6,29,7,30],[16,7,17,8],[23,11,24,10],[11,18,12,19],[19,12,20,13],[13,25,14,24],[30,16,1,15],[17,22,18,23],[27,21,28,20],[21,27,22,26],[25,28,26,29]]"
K15n25044,15,"[[4,2,5,1],[2,8,3,7],[8,4,9,3],[16,5,17,6],[6,17,7,18],[9,21,10,20],[29,10,30,11],[11,28,12,29],[27,12,28,13],[13,26,14,27],[25,14,26,15],[15,22,16,23],[23,18,24,19],[19,24,20,25],[21,1,22,30]]"
K15n27582,15,"[[4,2,5,1],[2,8,3,7],[8,4,9,3],[16,6,17,5],[6,16,7,15],[9,26,10,27],[25,10,26,11],[20,11,21,12],[12,23,13,24],[13,18,14,19],[27,14,28,15],[17,28,18,29],[24,19,25,20],[21,1,22,30],[29,23,30,22]]"
K15n2810,15,"[[4,2,5,1],[2,9,3,10],[8,3,9,4],[10,6,11,5],[6,17,7,18],[16,7,17,8],[11,23,12,22],[29,13,30,12],[13,29,14,28],[27,15,28,14],[15,20,16,21],[25,19,26,18],[19,25,20,24],[21,1,22,30],[23,26,24,27]]"
K15n33471,15,"[[4,2,5,1],[2,8,3,7],[8,4,9,3],[5,20,6,21],[19,6,20,7],[9,15,10,14],[17,11,18,10],[28,11,29,12],[12,27,13,28],[13,19,14,18],[15,25,16,24],[23,17,24,16],[26,21,27,22],[22,29,23,30],[30,25,1,26]]"
K15n40402,15,"[[4,2,5,1],[2,10,3,9],[10,4,11,3],[14,5,15,6],[6,15,7,16],[16,7,17,8],[8,17,9,18],[11,21,12,20],[27,12,28,13],[13,24,14,25],[25,18,26,19],[19,26,20,27],[21,29,22,28],[29,23,30,22],[23,1,24,30]]"
K15n4646,15,"[[4,2,5,1],[2,9,3,10],[8,3,9,4],[10,6,11,5],[6,18,7,17],[18,8,19,7],[11,28,12,29],[21,13,22,12],[13,25,14,24],[25,15,26,14],[15,21,16,20],[27,16,28,17],[19,26,20,27],[29,22,30,23],[23,30,24,1]]"
K15n49735,15,"[[4,2,5,1],[2,11,3,12],[10,3,11,4],[14,6,15,5],[6,16,7,15],[7,26,8,27],[23,8,24,9],[9,20,10,21],[12,18,13,17],[16,14,17,13],[25,19,26,18],[19,25,20,24],[21,28,22,29],[29,22,30,23],[27,30,28,1]]"
K15n53931,15,"[[4,2,5,1],[2,10,3,9],[10,4,11,3],[5,17,6,16],[21,7,22,6],[7,18,8,19],[19,8,20,9],[26,11,27,12],[12,30,13,29],[28,14,29,13],[23,14,24,15],[15,24,16,25],[17,20,18,21],[25,22,26,23],[30,27,1,28]]"
K15n73236,15,"[[4,2,5,1],[2,12,3,11],[12,4,13,3],[14,6,15,5],[6,22,7,21],[16,7,17,8],[8,19,9,20],[30,10,1,9],[10,14,11,13],[20,15,21,16],[17,27,18,26],[25,19,26,18],[27,22,28,23],[23,28,24,29],[29,24,30,25]]"
K15n77799,15,"[[4,2,5,1],[2,12,3,11],[12,4,13,3],[16,5,17,6],[6,22,7,21],[18,8,19,7],[27,9,28,8],[9,27,10,26],[10,23,11,24],[13,25,14,24],[25,15,26,14],[15,1,16,30],[22,17,23,18],[19,28,20,29],[29,20,30,21]]"
K15n94339,15,"[[4,2,5,1],[2,12,3,11],[12,4,13,3],[5,25,6,24],[27,7,28,6],[7,22,8,23],[21,8,22,9],[16,9,17,10],[10,19,11,20],[30,13,1,14],[14,29,15,30],[20,15,21,16],[17,27,18,26],[25,19,26,18],[23,29,24,28]]"
K15n95989,15,"[[4,2,5,1],[2,14,3,13],[14,4,15,3],[10,5,11,6],[6,23,7,24],[7,19,8,18],[17,9,18,8],[24,9,25,10],[11,22,12,23],[21,12,22,13],[26,16,27,15],[16,30,17,29],[19,28,20,29],[27,20,28,21],[30,26,1,25]]"
K15n95995,15,"[[4,2,5,1],[2,14,3,13],[14,4,15,3],[10,5,11,6],[6,23,7,24],[18,7,19,8],[8,17,9,18],[24,9,25,10],[11,22,12,23],[21,12,22,13],[26,16,27,15],[16,30,17,29],[19,28,20,29],[27,20,28,21],[30,26,1,25]]"
K15n99019,15,"[[4,2,5,1],[2,14,3,13],[14,4,15,3],[16,6,17,5],[23,7,24,6],[7,23,8,22],[21,9,22,8],[9,28,10,29],[19,10,20,11],[11,27,12,26],[12,16,13,15],[17,24,18,25],[29,19,30,18],[27,20,28,21],[25,30,26,1]]"
16a350194,16,"[[6,2,7,1],[2,21,3,22],[20,3,21,4],[4,19,5,20],[18,5,19,6],[32,8,1,7],[8,32,9,31],[30,10,31,9],[10,30,11,29],[28,12,29,11],[12,28,13,27],[26,14,27,13],[14,26,15,25],[24,16,25,15],[16,24,17,23],[22,18,23,17]]"
16n129260,16,"[[4,2,5,1],[2,8,3,7],[8,4,9,3],[5,16,6,17],[15,6,16,7],[22,10,23,9],[10,27,11,28],[11,25,12,24],[29,12,30,13],[13,18,14,19],[19,14,20,15],[17,20,18,21],[32,22,1,21],[28,24,29,23],[25,31,26,30],[31,27,32,26]]"
16n178564,16,"[[4,2,5,1],[2,9,3,10],[8,3,9,4],[18,6,19,5],[6,11,7,12],[16,7,17,8],[10,17,11,18],[27,12,28,13],[13,21,14,20],[31,15,32,14],[15,24,16,25],[19,27,20,26],[30,22,31,21],[22,30,23,29],[28,24,29,23],[25,1,26,32]]"
16n180537,16,"[[4,2,5,1],[2,8,3,7],[8,4,9,3],[5,20,6,21],[19,6,20,7],[14,9,15,10],[10,15,11,16],[22,12,23,11],[12,32,13,31],[18,13,19,14],[27,16,28,17],[17,26,18,27],[32,22,1,21],[23,29,24,28],[29,25,30,24],[25,31,26,30]]"
16n180683,16,"[[4,2,5,1],[2,8,3,7],[8,4,9,3],[20,6,21,5],[6,20,7,19],[14,9,15,10],[10,17,11,18],[11,24,12,25],[25,12,26,13],[18,13,19,14],[28,16,29,15],[16,30,17,29],[21,26,22,27],[31,23,32,22],[23,31,24,30],[27,32,28,1]]"
16n218932,16,"[[4,2,5,1],[2,11,3,12],[10,3,11,4],[12,6,13,5],[19,7,20,6],[7,25,8,24],[17,8,18,9],[9,26,10,27],[13,20,14,21],[14,30,15,29],[22,15,23,16],[31,17,32,16],[25,19,26,18],[21,29,22,28],[30,24,31,23],[27,1,28,32]]"
16n254312,16,"[[4,2,5,1],[2,10,3,9],[10,4,11,3],[14,5,15,6],[6,15,7,16],[7,23,8,22],[23,9,24,8],[32,11,1,12],[12,19,13,20],[18,13,19,14],[27,17,28,16],[17,29,18,28],[25,20,26,21],[21,30,22,31],[31,24,32,25],[29,27,30,26]]"
16n288832,16,"[[4,2,5,1],[2,10,3,9],[10,4,11,3],[5,17,6,16],[19,7,20,6],[7,19,8,18],[17,9,18,8],[24,11,25,12],[12,30,13,29],[28,14,29,13],[21,14,22,15],[15,22,16,23],[23,20,24,21],[32,25,1,26],[26,31,27,32],[30,27,31,28]]"
16n30703,16,"[[4,2,5,1],[2,8,3,7],[8,4,9,3],[12,5,13,6],[6,13,7,14],[9,15,10,14],[21,10,22,11],[11,20,12,21],[15,25,16,24],[16,30,17,29],[28,18,29,17],[23,19,24,18],[19,23,20,22],[30,25,31,26],[26,31,27,32],[32,27,1,28]]"
16n312764,16,"[[4,2,5,1],[2,10,3,9],[10,4,11,3],[5,17,6,16],[23,6,24,7],[7,24,8,25],[17,9,18,8],[11,28,12,29],[27,12,28,13],[32,13,1,14],[14,22,15,21],[22,16,23,15],[18,29,19,30],[26,19,27,20],[20,32,21,31],[30,26,31,25]]"
16n357101,16,"[[4,2,5,1],[2,11,3,12],[10,3,11,4],[5,19,6,18],[25,6,26,7],[7,30,8,31],[23,9,24,8],[9,16,10,17],[12,28,13,27],[28,14,29,13],[14,22,15,21],[22,16,23,15],[17,1,18,32],[26,19,27,20],[20,29,21,30],[31,24,32,25]]"
16n374204,16,"[[4,2,5,1],[2,10,3,9],[10,4,11,3],[20,5,21,6],[6,28,7,27],[28,8,29,7],[8,21,9,22],[22,11,23,12],[29,12,30,13],[13,26,14,27],[19,15,20,14],[15,32,16,1],[23,16,24,17],[17,31,18,30],[25,19,26,18],[31,24,32,25]]"
16n424914,16,"[[4,2,5,1],[2,13,3,14],[12,3,13,4],[5,16,6,17],[15,6,16,7],[7,14,8,15],[23,9,24,8],[9,19,10,18],[10,31,11,32],[26,11,27,12],[17,24,18,25],[28,20,29,19],[20,30,21,29],[30,22,31,21],[22,28,23,27],[32,26,1,25]]"
16n429842,16,"[[4,2,5,1],[2,12,3,11],[12,4,13,3],[16,5,17,6],[31,7,32,6],[7,18,8,19],[23,9,24,8],[9,21,10,20],[10,28,11,27],[13,26,14,27],[25,14,26,15],[15,1,16,32],[30,18,31,17],[19,24,20,25],[28,21,29,22],[22,29,23,30]]"
16n478839,16,"[[4,2,5,1],[2,13,3,14],[12,3,13,4],[18,5,19,6],[6,28,7,27],[7,20,8,21],[15,9,16,8],[9,23,10,22],[31,11,32,10],[11,24,12,25],[29,14,30,15],[21,16,22,17],[17,26,18,27],[28,19,29,20],[23,30,24,31],[25,1,26,32]]"
16n481747,16,"[[4,2,5,1],[2,13,3,14],[12,3,13,4],[18,6,19,5],[31,7,32,6],[7,21,8,20],[8,30,9,29],[28,10,29,9],[25,10,26,11],[11,24,12,25],[14,24,15,23],[26,16,27,15],[16,28,17,27],[22,18,23,17],[19,32,20,1],[30,21,31,22]]"
16n658612,16,"[[4,2,5,1],[2,17,3,18],[16,3,17,4],[12,5,13,6],[6,19,7,20],[7,23,8,22],[31,8,32,9],[26,10,27,9],[10,28,11,27],[28,12,29,11],[18,14,19,13],[23,14,24,15],[15,24,16,25],[20,30,21,29],[30,22,31,21],[25,1,26,32]]"
16n679074,16,"[[4,2,5,1],[2,17,3,18],[16,3,17,4],[22,5,23,6],[6,23,7,24],[18,8,19,7],[8,20,9,19],[9,28,10,29],[25,10,26,11],[11,31,12,30],[31,13,32,12],[13,26,14,27],[27,14,28,15],[20,16,21,15],[32,21,1,22],[29,25,30,24]]"
16n68278,16,"[[4,2,5,1],[2,8,3,7],[8,4,9,3],[14,5,15,6],[6,15,7,16],[9,17,10,16],[29,10,30,11],[11,28,12,29],[21,12,22,13],[13,20,14,21],[24,17,25,18],[18,32,19,31],[19,26,20,27],[27,22,28,23],[30,24,31,23],[25,1,26,32]]"
16n716954,16,"[[4,2,5,1],[2,19,3,20],[18,3,19,4],[14,6,15,5],[6,14,7,13],[20,8,21,7],[8,18,9,17],[16,10,17,9],[23,10,24,11],[11,26,12,27],[29,12,30,13],[32,16,1,15],[21,28,22,29],[27,22,28,23],[31,24,32,25],[25,30,26,31]]"
16n740455,16,"[[6,2,7,1],[2,8,3,7],[8,4,9,3],[4,14,5,13],[14,6,15,5],[9,26,10,27],[19,10,20,11],[11,20,12,21],[25,12,26,13],[15,24,16,25],[16,29,17,30],[22,17,23,18],[18,32,19,31],[30,22,31,21],[28,23,29,24],[27,32,28,1]]"
16n74539,16,"[[4,2,5,1],[2,8,3,7],[8,4,9,3],[14,5,15,6],[6,15,7,16],[9,19,10,18],[27,11,28,10],[11,25,12,24],[29,12,30,13],[13,20,14,21],[21,16,22,17],[17,22,18,23],[19,1,20,32],[23,28,24,29],[30,25,31,26],[26,31,27,32]]"
16n800378,16,"[[6,2,7,1],[11,3,12,2],[3,11,4,10],[4,19,5,20],[18,5,19,6],[12,8,13,7],[8,27,9,28],[26,9,27,10],[13,22,14,23],[31,15,32,14],[15,31,16,30],[29,17,30,16],[17,25,18,24],[25,21,26,20],[21,29,22,28],[23,32,24,1]]"
16n829217,16,"[[6,2,7,1],[11,3,12,2],[3,11,4,10],[25,5,26,4],[5,25,6,24],[12,8,13,7],[8,21,9,22],[20,9,21,10],[32,14,1,13],[14,32,15,31],[30,16,31,15],[16,30,17,29],[28,18,29,17],[18,23,19,24],[26,19,27,20],[22,27,23,28]]"
16n843878,16,"[[6,2,7,1],[2,11,3,12],[10,3,11,4],[27,4,28,5],[5,28,6,29],[12,8,13,7],[8,16,9,15],[16,10,17,9],[22,14,23,13],[14,22,15,21],[17,27,18,26],[25,19,26,18],[19,30,20,31],[31,20,32,21],[23,32,24,1],[29,24,30,25]]"
16n86850,16,"[[4,2,5,1],[2,8,3,7],[8,4,9,3],[5,14,6,15],[13,6,14,7],[9,22,10,23],[31,10,32,11],[11,16,12,17],[19,12,20,13],[15,20,16,21],[26,18,27,17],[18,26,19,25],[21,32,22,1],[28,24,29,23],[24,30,25,29],[30,28,31,27]]"
16n86947,16,"[[4,2,5,1],[2,8,3,7],[8,4,9,3],[5,14,6,15],[13,6,14,7],[9,23,10,22],[31,10,32,11],[16,12,17,11],[12,25,13,26],[24,15,25,16],[17,30,18,31],[29,18,30,19],[19,28,20,29],[27,20,28,21],[21,26,22,27],[23,1,24,32]]"
16n889114,16,"[[6,2,7,1],[2,12,3,11],[12,4,13,3],[4,21,5,22],[20,5,21,6],[7,16,8,17],[25,9,26,8],[9,25,10,24],[15,10,16,11],[13,31,14,30],[29,15,30,14],[17,26,18,27],[27,18,28,19],[32,20,1,19],[22,32,23,31],[23,28,24,29]]"
16n889116,16,"[[6,2,7,1],[2,12,3,11],[12,4,13,3],[4,21,5,22],[20,5,21,6],[7,16,8,17],[25,9,26,8],[9,25,10,24],[15,10,16,11],[30,13,31,14],[14,29,15,30],[17,26,18,27],[27,18,28,19],[32,20,1,19],[22,32,23,31],[23,28,24,29]]"
16n898244,16,"[[6,2,7,1],[13,3,14,2],[3,13,4,12],[21,5,22,4],[5,21,6,20],[32,8,1,7],[8,30,9,29],[18,10,19,9],[23,10,24,11],[11,26,12,27],[25,14,26,15],[15,24,16,25],[16,31,17,32],[30,17,31,18],[28,20,29,19],[27,22,28,23]]"
16n911851,16,"[[6,2,7,1],[27,3,28,2],[3,13,4,12],[15,5,16,4],[5,25,6,24],[22,8,23,7],[8,31,9,32],[16,9,17,10],[10,19,11,20],[20,11,21,12],[13,27,14,26],[25,15,26,14],[30,17,31,18],[18,29,19,30],[28,21,29,22],[32,24,1,23]]"
16n914151,16,"[[6,2,7,1],[2,24,3,23],[12,4,13,3],[4,12,5,11],[24,6,25,5],[32,8,1,7],[27,8,28,9],[9,16,10,17],[19,10,20,11],[13,30,14,31],[29,14,30,15],[15,20,16,21],[17,26,18,27],[25,18,26,19],[21,28,22,29],[22,32,23,31]]"
16n977108,16,"[[6,2,7,1],[2,19,3,20],[18,3,19,4],[13,4,14,5],[5,14,6,15],[24,8,25,7],[8,24,9,23],[20,10,21,9],[17,10,18,11],[11,28,12,29],[27,12,28,13],[15,26,16,27],[29,16,30,17],[30,22,31,21],[22,32,23,31],[32,26,1,25]]"
16n982575,16,"[[6,2,7,1],[2,13,3,14],[20,4,21,3],[4,20,5,19],[12,5,13,6],[24,8,25,7],[31,9,32,8],[9,16,10,17],[10,28,11,27],[18,11,19,12],[14,29,15,30],[22,16,23,15],[17,27,18,26],[28,22,29,21],[30,23,31,24],[25,32,26,1]]"
17ah_0000055,17,"[[4,2,5,1],[2,29,3,30],[28,3,29,4],[30,6,31,5],[6,28,7,27],[26,8,27,7],[8,26,9,25],[24,10,25,9],[10,24,11,23],[22,12,23,11],[12,22,13,21],[20,14,21,13],[14,20,15,19],[18,16,19,15],[16,33,17,34],[32,17,33,18],[34,32,1,31]]"
17nh_0000497,17,"[[6,2,7,1],[2,23,3,24],[3,30,4,31],[29,4,30,5],[22,5,23,6],[7,13,8,12],[25,9,26,8],[9,27,10,26],[10,20,11,19],[18,12,19,11],[13,24,14,25],[14,31,15,32],[28,15,29,16],[21,16,22,17],[17,1,18,34],[33,21,34,20],[32,28,33,27]]"
17nh_0000980,17,"[[24,2,25,1],[9,2,10,3],[3,10,4,11],[4,24,5,23],[34,5,1,6],[6,17,7,18],[14,7,15,8],[8,29,9,30],[22,11,23,12],[12,21,13,22],[30,13,31,14],[15,27,16,26],[27,17,28,16],[33,19,34,18],[19,33,20,32],[31,21,32,20],[25,29,26,28]]"
17nh_0001844,17,"[[26,2,27,1],[2,26,3,25],[3,16,4,17],[15,4,16,5],[5,8,6,9],[33,7,34,6],[7,33,8,32],[14,10,15,9],[10,23,11,24],[18,11,19,12],[12,19,13,20],[22,13,23,14],[24,18,25,17],[29,21,30,20],[21,29,22,28],[27,30,28,31],[31,34,32,1]]"
17nh_0002715,17,"[[20,2,21,1],[29,2,30,3],[3,30,4,31],[13,5,14,4],[5,11,6,10],[33,6,34,7],[24,8,25,7],[8,26,9,25],[9,32,10,33],[18,11,19,12],[12,19,13,20],[31,14,32,15],[15,26,16,27],[23,16,24,17],[34,18,1,17],[21,29,22,28],[27,23,28,22]]"
17nh_0004389,17,"[[14,2,15,1],[2,31,3,32],[32,3,33,4],[19,4,20,5],[5,20,6,21],[6,33,7,34],[30,7,31,8],[8,29,9,30],[28,9,29,10],[10,27,11,28],[26,11,27,12],[12,25,13,26],[24,13,25,14],[15,19,16,18],[21,17,22,16],[17,23,18,22],[34,24,1,23]]"
17nh_0005136,17,"[[18,2,19,1],[27,3,28,2],[3,25,4,24],[29,4,30,5],[5,30,6,31],[6,16,7,15],[14,8,15,7],[31,8,32,9],[9,32,10,33],[33,10,34,11],[11,21,12,20],[21,13,22,12],[34,14,1,13],[16,25,17,26],[26,17,27,18],[19,23,20,22],[23,28,24,29]]"
17nh_0010647,17,"[[16,2,17,1],[2,25,3,26],[28,3,29,4],[4,29,5,30],[5,15,6,14],[13,7,14,6],[30,7,31,8],[8,22,9,21],[9,34,10,1],[33,10,34,11],[22,12,23,11],[12,31,13,32],[24,15,25,16],[17,20,18,21],[27,19,28,18],[19,27,20,26],[32,24,33,23]]"
17nh_0016322,17,"[[16,2,17,1],[23,2,24,3],[3,15,4,14],[13,5,14,4],[5,19,6,18],[29,6,30,7],[7,20,8,21],[8,33,9,34],[32,9,33,10],[10,31,11,32],[26,12,27,11],[12,26,13,25],[24,16,25,15],[17,23,18,22],[19,31,20,30],[21,28,22,29],[34,27,1,28]]"
17nh_0026540,17,"[[30,2,31,1],[2,28,3,27],[3,22,4,23],[19,4,20,5],[5,18,6,19],[23,6,24,7],[7,26,8,27],[11,8,12,9],[9,33,10,32],[31,11,32,10],[12,26,13,25],[24,14,25,13],[17,14,18,15],[15,1,16,34],[33,17,34,16],[20,29,21,30],[28,21,29,22]]"
17nh_0212094,17,"[[16,2,17,1],[2,29,3,30],[32,3,33,4],[4,33,5,34],[5,13,6,12],[11,7,12,6],[26,7,27,8],[8,15,9,16],[14,9,15,10],[10,27,11,28],[28,13,29,14],[17,21,18,20],[23,19,24,18],[19,25,20,24],[21,30,22,31],[31,22,32,23],[34,26,1,25]]"
17nh_0212095,17,"[[8,2,9,1],[2,29,3,30],[32,3,33,4],[4,33,5,34],[5,24,6,25],[25,6,26,7],[18,7,19,8],[9,13,10,12],[15,11,16,10],[11,17,12,16],[13,30,14,31],[31,14,32,15],[34,18,1,17],[26,20,27,19],[20,24,21,23],[28,21,29,22],[22,27,23,28]]"
17nh_0298397,17,"[[8,2,9,1],[13,2,14,3],[3,22,4,23],[21,4,22,5],[28,5,29,6],[6,29,7,30],[14,8,15,7],[9,13,10,12],[23,11,24,10],[11,25,12,24],[30,15,31,16],[16,27,17,28],[17,20,18,21],[33,19,34,18],[19,33,20,32],[34,26,1,25],[26,32,27,31]]"
17nh_0630889,17,"[[6,2,7,1],[2,32,3,31],[3,20,4,21],[19,4,20,5],[32,6,33,5],[7,11,8,10],[15,9,16,8],[9,17,10,16],[28,11,29,12],[12,29,13,30],[30,13,31,14],[14,27,15,28],[17,22,18,23],[25,18,26,19],[21,26,22,27],[34,24,1,23],[24,34,25,33]]"
17nh_4549325,17,"[[12,2,13,1],[19,2,20,3],[3,15,4,14],[15,5,16,4],[22,6,23,5],[6,24,7,23],[30,8,31,7],[8,32,9,31],[16,9,17,10],[10,17,11,18],[34,12,1,11],[13,19,14,18],[20,27,21,28],[28,21,29,22],[24,29,25,30],[32,25,33,26],[26,33,27,34]]"
17ns_29,17,"[[26,2,27,1],[2,26,3,25],[32,3,33,4],[15,4,16,5],[5,12,6,13],[6,29,7,30],[28,7,29,8],[17,9,18,8],[34,10,1,9],[10,34,11,33],[11,17,12,16],[22,13,23,14],[14,21,15,22],[27,19,28,18],[19,25,20,24],[31,20,32,21],[23,30,24,31]]"
18ah_0000122,18,"[[34,2,35,1],[2,34,3,33],[32,4,33,3],[4,32,5,31],[30,6,31,5],[6,30,7,29],[28,8,29,7],[8,28,9,27],[26,10,27,9],[10,26,11,25],[22,11,23,12],[12,21,13,22],[20,13,21,14],[14,23,15,24],[18,16,19,15],[16,36,17,35],[36,18,1,17],[24,19,25,20]]"
18ah_3327857,18,"[[8,2,9,1],[2,29,3,30],[6,3,7,4],[4,32,5,31],[30,6,31,5],[28,7,29,8],[34,10,35,9],[10,24,11,23],[22,12,23,11],[12,15,13,16],[26,14,27,13],[14,26,15,25],[16,36,17,35],[36,18,1,17],[18,27,19,28],[32,19,33,20],[20,33,21,34],[24,21,25,22]]"
18ah_4025786,18,"[[12,2,13,1],[2,35,3,36],[6,3,7,4],[4,16,5,15],[14,6,15,5],[24,8,25,7],[8,24,9,23],[34,9,35,10],[10,27,11,28],[26,11,27,12],[36,14,1,13],[16,25,17,26],[30,18,31,17],[18,30,19,29],[22,19,23,20],[20,34,21,33],[32,22,33,21],[28,31,29,32]]"
18ah_4099296,18,"[[26,2,27,1],[2,11,3,12],[16,4,17,3],[4,16,5,15],[8,5,9,6],[6,20,7,19],[18,8,19,7],[32,10,33,9],[10,32,11,31],[12,35,13,36],[34,13,35,14],[14,17,15,18],[20,33,21,34],[24,21,25,22],[22,30,23,29],[28,24,29,23],[30,25,31,26],[36,28,1,27]]"
18ah_4099297,18,"[[22,2,23,1],[2,5,3,6],[28,4,29,3],[4,28,5,27],[6,32,7,31],[30,8,31,7],[8,35,9,36],[14,9,15,10],[10,18,11,17],[16,12,17,11],[12,26,13,25],[24,14,25,13],[18,15,19,16],[34,19,35,20],[20,33,21,34],[26,21,27,22],[36,24,1,23],[32,29,33,30]]"
18nh_00000254,18,"[[12,2,13,1],[27,2,28,3],[3,24,4,25],[4,35,5,36],[34,5,35,6],[6,33,7,34],[32,7,33,8],[8,31,9,32],[30,9,31,10],[10,29,11,30],[22,11,23,12],[13,17,14,16],[19,15,20,14],[15,21,16,20],[26,17,27,18],[18,25,19,26],[36,22,1,21],[23,29,24,28]]"
18nh_00000399,18,"[[16,2,17,1],[2,12,3,11],[12,4,13,3],[4,16,5,15],[5,22,6,23],[35,6,36,7],[7,21,8,20],[17,9,18,8],[9,32,10,33],[31,10,32,11],[13,30,14,31],[29,14,30,15],[18,25,19,26],[26,19,27,20],[21,36,22,1],[28,24,29,23],[24,34,25,33],[34,28,35,27]]"
18nh_00000400,18,"[[30,2,31,1],[23,2,24,3],[3,33,4,32],[4,13,5,14],[20,6,21,5],[6,20,7,19],[7,26,8,27],[27,8,28,9],[18,10,19,9],[10,18,11,17],[11,28,12,29],[25,12,26,13],[14,21,15,22],[15,36,16,1],[35,16,36,17],[31,23,32,22],[24,34,25,33],[34,30,35,29]]"
18nh_00000597,18,"[[30,2,31,1],[2,30,3,29],[3,18,4,19],[17,4,18,5],[5,8,6,9],[35,6,36,7],[7,36,8,1],[16,10,17,9],[10,20,11,19],[20,12,21,11],[12,22,13,21],[13,28,14,29],[27,14,28,15],[22,16,23,15],[23,26,24,27],[33,25,34,24],[25,33,26,32],[31,34,32,35]]"
18nh_00000601,18,"[[12,2,13,1],[2,31,3,32],[32,3,33,4],[4,33,5,34],[34,5,35,6],[15,7,16,6],[7,15,8,14],[8,35,9,36],[26,9,27,10],[10,25,11,26],[18,11,19,12],[13,16,14,17],[36,18,1,17],[19,25,20,24],[27,21,28,20],[21,29,22,28],[29,23,30,22],[23,31,24,30]]"
18nh_00000707,18,"[[24,2,25,1],[2,24,3,23],[3,16,4,17],[15,4,16,5],[30,6,31,5],[6,36,7,35],[7,10,8,11],[27,9,28,8],[9,27,10,26],[34,12,35,11],[12,34,13,33],[18,14,19,13],[14,22,15,21],[22,18,23,17],[19,32,20,33],[31,20,32,21],[25,28,26,29],[36,30,1,29]]"
18nh_00000752,18,"[[28,2,29,1],[2,17,3,18],[18,3,19,4],[31,5,32,4],[5,31,6,30],[35,7,36,6],[7,35,8,34],[8,27,9,28],[26,9,27,10],[10,25,11,26],[24,11,25,12],[12,23,13,24],[22,13,23,14],[14,21,15,22],[20,15,21,16],[16,19,17,20],[29,32,30,33],[33,36,34,1]]"
18nh_00000957,18,"[[24,2,25,1],[31,3,32,2],[3,31,4,30],[4,24,5,23],[36,5,1,6],[13,6,14,7],[7,10,8,11],[27,9,28,8],[9,27,10,26],[20,11,21,12],[12,19,13,20],[25,15,26,14],[32,16,33,15],[16,30,17,29],[17,23,18,22],[35,18,36,19],[21,34,22,35],[28,33,29,34]]"
18nh_00001632,18,"[[24,2,25,1],[2,24,3,23],[3,16,4,17],[15,4,16,5],[32,6,33,5],[6,36,7,35],[7,12,8,13],[29,9,30,8],[9,29,10,28],[27,11,28,10],[11,27,12,26],[18,14,19,13],[14,22,15,21],[22,18,23,17],[19,34,20,35],[33,20,34,21],[25,30,26,31],[36,32,1,31]]"
18nh_00001818,18,"[[28,2,29,1],[2,28,3,27],[26,4,27,3],[21,4,22,5],[5,20,6,21],[19,6,20,7],[7,18,8,19],[17,8,18,9],[9,16,10,17],[15,10,16,11],[11,14,12,15],[31,13,32,12],[13,31,14,30],[25,22,26,23],[23,34,24,35],[35,24,36,25],[29,32,30,33],[33,36,34,1]]"
18nh_00002591,18,"[[28,2,29,1],[2,28,3,27],[3,16,4,17],[15,4,16,5],[5,10,6,11],[33,6,34,7],[7,36,8,1],[35,8,36,9],[9,34,10,35],[14,12,15,11],[12,20,13,19],[20,14,21,13],[17,26,18,27],[25,18,26,19],[21,24,22,25],[31,23,32,22],[23,31,24,30],[29,32,30,33]]"
18nh_00002656,18,"[[26,2,27,1],[2,20,3,19],[32,3,33,4],[17,5,18,4],[5,29,6,28],[29,7,30,6],[7,36,8,1],[8,25,9,26],[24,9,25,10],[10,23,11,24],[22,11,23,12],[12,21,13,22],[20,13,21,14],[35,14,36,15],[15,34,16,35],[33,16,34,17],[18,31,19,32],[27,31,28,30]]"
18nh_00003640,18,"[[6,2,7,1],[2,27,3,28],[26,3,27,4],[4,18,5,17],[18,6,19,5],[7,10,8,11],[29,9,30,8],[9,29,10,28],[11,36,12,1],[12,20,13,19],[24,14,25,13],[31,14,32,15],[15,30,16,31],[16,26,17,25],[35,20,36,21],[21,34,22,35],[33,22,34,23],[23,32,24,33]]"
18nh_00004014,18,"[[12,2,13,1],[17,2,18,3],[3,18,4,19],[4,12,5,11],[5,32,6,33],[31,6,32,7],[36,7,1,8],[8,23,9,24],[26,9,27,10],[10,29,11,30],[13,17,14,16],[21,15,22,14],[15,23,16,22],[19,29,20,28],[27,21,28,20],[35,25,36,24],[25,35,26,34],[33,31,34,30]]"
18nh_00004122,18,"[[30,2,31,1],[2,30,3,29],[28,4,29,3],[9,4,10,5],[5,8,6,9],[33,7,34,6],[7,33,8,32],[27,10,28,11],[11,26,12,27],[25,12,26,13],[13,24,14,25],[23,14,24,15],[15,22,16,23],[21,16,22,17],[17,20,18,21],[35,18,36,19],[19,36,20,1],[31,34,32,35]]"
18nh_00005355,18,"[[20,2,21,1],[2,20,3,19],[8,4,9,3],[4,36,5,35],[5,26,6,27],[25,6,26,7],[36,8,1,7],[9,16,10,17],[17,10,18,11],[11,18,12,19],[33,12,34,13],[28,14,29,13],[14,28,15,27],[15,34,16,35],[21,24,22,25],[31,23,32,22],[23,31,24,30],[29,32,30,33]]"
18nh_00010270,18,"[[28,2,29,1],[33,2,34,3],[12,4,13,3],[4,12,5,11],[18,5,19,6],[6,19,7,20],[7,34,8,35],[35,8,36,9],[20,9,21,10],[10,17,11,18],[22,14,23,13],[25,14,26,15],[15,26,16,27],[16,22,17,21],[23,31,24,30],[31,25,32,24],[36,28,1,27],[29,33,30,32]]"
18nh_00068958,18,"[[22,2,23,1],[2,20,3,19],[30,4,31,3],[4,30,5,29],[16,6,17,5],[33,6,34,7],[7,34,8,35],[35,8,36,9],[9,13,10,12],[25,10,26,11],[11,24,12,25],[36,14,1,13],[14,21,15,22],[20,15,21,16],[28,18,29,17],[18,32,19,31],[23,27,24,26],[27,32,28,33]]"
18nh_00098198,18,"[[32,2,33,1],[2,32,3,31],[3,12,4,13],[11,4,12,5],[36,5,1,6],[6,35,7,36],[7,19,8,18],[8,25,9,26],[26,9,27,10],[17,11,18,10],[13,30,14,31],[21,14,22,15],[15,29,16,28],[23,17,24,16],[19,35,20,34],[33,21,34,20],[29,22,30,23],[24,27,25,28]]"
18nh_00098373,18,"[[22,2,23,1],[2,11,3,12],[3,17,4,16],[31,4,32,5],[5,32,6,33],[6,17,7,18],[34,7,35,8],[19,8,20,9],[9,36,10,1],[10,21,11,22],[15,12,16,13],[13,29,14,28],[27,15,28,14],[18,34,19,33],[35,21,36,20],[23,27,24,26],[29,25,30,24],[25,31,26,30]]"
18nh_00166702,18,"[[4,2,5,1],[2,31,3,32],[30,3,31,4],[5,8,6,9],[25,7,26,6],[7,25,8,24],[9,36,10,1],[35,10,36,11],[14,12,15,11],[12,21,13,22],[20,13,21,14],[15,34,16,35],[29,17,30,16],[17,33,18,32],[23,19,24,18],[19,27,20,26],[27,23,28,22],[33,29,34,28]]"
18nh_00251375,18,"[[20,2,21,1],[2,20,3,19],[16,4,17,3],[4,10,5,9],[34,5,35,6],[25,6,26,7],[7,24,8,25],[8,33,9,34],[10,16,11,15],[36,11,1,12],[27,12,28,13],[13,26,14,27],[14,35,15,36],[30,17,31,18],[18,29,19,30],[21,29,22,28],[31,23,32,22],[23,33,24,32]]"
18nh_00446655,18,"[[20,2,21,1],[2,20,3,19],[28,4,29,3],[4,28,5,27],[16,6,17,5],[6,11,7,12],[14,7,15,8],[35,8,36,9],[9,36,10,1],[10,15,11,16],[12,32,13,31],[32,14,33,13],[17,26,18,27],[29,18,30,19],[21,25,22,24],[33,23,34,22],[23,35,24,34],[25,30,26,31]]"
18nh_00584034,18,"[[24,2,25,1],[2,14,3,13],[34,3,35,4],[19,4,20,5],[5,16,6,17],[31,7,32,6],[7,13,8,12],[33,8,34,9],[18,9,19,10],[10,17,11,18],[11,32,12,33],[14,36,15,35],[15,21,16,20],[21,28,22,29],[27,22,28,23],[36,24,1,23],[25,31,26,30],[29,27,30,26]]"
18nh_00610378,18,"[[20,2,21,1],[2,33,3,34],[34,3,35,4],[25,4,26,5],[5,26,6,27],[6,35,7,36],[16,7,17,8],[8,15,9,16],[14,9,15,10],[10,17,11,18],[11,33,12,32],[31,13,32,12],[18,13,19,14],[30,19,31,20],[21,25,22,24],[27,23,28,22],[23,29,24,28],[36,30,1,29]]"
18nh_00610381,18,"[[18,2,19,1],[2,31,3,32],[34,3,35,4],[4,35,5,36],[5,12,6,13],[13,6,14,7],[28,7,29,8],[8,17,9,18],[16,9,17,10],[10,15,11,16],[30,12,31,11],[14,30,15,29],[19,23,20,22],[25,21,26,20],[21,27,22,26],[23,32,24,33],[33,24,34,25],[36,28,1,27]]"
18nh_01814106,18,"[[30,2,31,1],[2,30,3,29],[12,3,13,4],[4,23,5,24],[5,35,6,34],[15,7,16,6],[7,21,8,20],[31,9,32,8],[9,29,10,28],[27,11,28,10],[11,27,12,26],[36,13,1,14],[21,15,22,14],[16,33,17,34],[24,17,25,18],[18,25,19,26],[32,19,33,20],[22,35,23,36]]"
18nh_01872227,18,"[[16,2,17,1],[2,29,3,30],[30,3,31,4],[19,5,20,4],[5,19,6,18],[6,35,7,36],[14,8,15,7],[8,27,9,28],[9,13,10,12],[33,10,34,11],[11,32,12,33],[26,13,27,14],[22,15,23,16],[17,20,18,21],[36,22,1,21],[28,24,29,23],[24,32,25,31],[34,26,35,25]]"
18nh_04892103,18,"[[30,2,31,1],[2,14,3,13],[10,4,11,3],[4,10,5,9],[14,6,15,5],[6,36,7,35],[34,8,35,7],[8,16,9,15],[11,18,12,19],[19,12,20,13],[25,16,26,17],[17,24,18,25],[31,20,32,21],[21,28,22,29],[27,22,28,23],[23,32,24,33],[33,26,34,27],[36,30,1,29]]"
18nh_09292518,18,"[[30,2,31,1],[2,30,3,29],[16,4,17,3],[4,18,5,17],[5,26,6,27],[25,6,26,7],[10,8,11,7],[8,20,9,19],[20,10,21,9],[11,24,12,25],[35,12,36,13],[13,36,14,1],[14,24,15,23],[22,16,23,15],[18,22,19,21],[27,32,28,33],[33,28,34,29],[31,34,32,35]]"
18nh_10190577,18,"[[26,2,27,1],[13,2,14,3],[3,12,4,13],[31,4,32,5],[5,29,6,28],[29,7,30,6],[18,7,19,8],[8,33,9,34],[24,10,25,9],[10,21,11,22],[22,11,23,12],[14,26,15,25],[36,15,1,16],[16,35,17,36],[34,17,35,18],[32,20,33,19],[20,23,21,24],[27,31,28,30]]"
18nh_13798702,18,"[[12,2,13,1],[2,31,3,32],[20,3,21,4],[33,4,34,5],[5,15,6,14],[15,7,16,6],[7,34,8,35],[8,21,9,22],[30,9,31,10],[10,24,11,23],[24,12,25,11],[13,19,14,18],[27,16,28,17],[17,26,18,27],[32,20,33,19],[22,30,23,29],[36,25,1,26],[28,35,29,36]]"
18nh_25872205,18,"[[18,2,19,1],[23,2,24,3],[3,8,4,9],[29,4,30,5],[5,13,6,12],[15,7,16,6],[7,32,8,33],[9,21,10,20],[21,11,22,10],[11,29,12,28],[13,30,14,31],[31,14,32,15],[16,25,17,26],[34,18,35,17],[19,23,20,22],[24,34,25,33],[26,35,27,36],[36,27,1,28]]"
18ns_51,18,"[[26,2,27,1],[2,26,3,25],[3,32,4,33],[35,4,36,5],[22,6,23,5],[6,22,7,21],[7,12,8,13],[13,8,14,9],[9,14,10,15],[29,11,30,10],[11,29,12,28],[15,20,16,21],[23,16,24,17],[34,18,35,17],[18,34,19,33],[19,24,20,25],[27,30,28,31],[31,36,32,1]]"
18ns_52,18,"[[20,2,21,1],[2,20,3,19],[3,32,4,33],[35,4,36,5],[16,6,17,5],[6,16,7,15],[7,26,8,27],[27,8,28,9],[9,14,10,15],[17,10,18,11],[34,12,35,11],[12,34,13,33],[13,18,14,19],[21,28,22,29],[25,22,26,23],[23,31,24,30],[29,25,30,24],[31,36,32,1]]"
18ns_86,18,"[[28,2,29,1],[2,16,3,15],[3,8,4,9],[25,4,26,5],[34,6,35,5],[6,34,7,33],[7,26,8,27],[20,10,21,9],[10,24,11,23],[11,31,12,30],[29,13,30,12],[13,22,14,23],[21,14,22,15],[16,28,17,27],[17,32,18,33],[35,18,36,19],[24,20,25,19],[31,36,32,1]]"
19ah_00000457,19,"[[1,8,2,9],[21,2,22,3],[3,6,4,7],[23,5,24,4],[5,23,6,22],[7,24,8,25],[9,37,10,36],[37,11,38,10],[11,34,12,35],[33,12,34,13],[13,32,14,33],[31,14,32,15],[15,30,16,31],[29,16,30,17],[17,28,18,29],[27,18,28,19],[19,26,20,27],[25,20,26,21],[35,1,36,38]]"
19ah_02944101,19,"[[1,13,2,12],[13,3,14,2],[3,15,4,14],[19,4,20,5],[5,18,6,19],[25,7,26,6],[7,36,8,37],[27,8,28,9],[9,28,10,29],[29,10,30,11],[11,1,12,38],[15,21,16,20],[31,17,32,16],[17,33,18,32],[21,30,22,31],[33,22,34,23],[23,34,24,35],[35,24,36,25],[37,27,38,26]]"
19ah_29063095,19,"[[1,36,2,37],[29,3,30,2],[3,31,4,30],[15,4,16,5],[5,16,6,17],[33,6,34,7],[7,32,8,33],[17,8,18,9],[9,25,10,24],[25,11,26,10],[11,18,12,19],[19,12,20,13],[13,27,14,26],[23,15,24,14],[27,20,28,21],[21,1,22,38],[37,23,38,22],[35,29,36,28],[31,35,32,34]]"
19ah_35125143,19,"[[1,24,2,25],[23,2,24,3],[3,1,4,38],[27,5,28,4],[5,27,6,26],[25,7,26,6],[7,23,8,22],[15,8,16,9],[9,37,10,36],[17,11,18,10],[11,33,12,32],[19,12,20,13],[13,30,14,31],[35,15,36,14],[37,16,38,17],[31,18,32,19],[29,21,30,20],[21,34,22,35],[33,28,34,29]]"
19ah_39877460,19,"[[1,8,2,9],[9,2,10,3],[3,12,4,13],[15,4,16,5],[5,34,6,35],[19,7,20,6],[7,33,8,32],[17,10,18,11],[11,16,12,17],[13,27,14,26],[27,15,28,14],[33,19,34,18],[35,20,36,21],[21,29,22,28],[29,23,30,22],[23,36,24,37],[31,24,32,25],[25,1,26,38],[37,31,38,30]]"
19ah_40083815,19,"[[1,33,2,32],[21,3,22,2],[3,27,4,26],[19,4,20,5],[5,16,6,17],[35,7,36,6],[7,13,8,12],[37,8,38,9],[9,22,10,23],[23,10,24,11],[11,36,12,37],[13,30,14,31],[29,14,30,15],[15,35,16,34],[17,24,18,25],[25,18,26,19],[27,21,28,20],[33,29,34,28],[31,1,32,38]]"
19nh_000000055,19,"[[1,28,2,29],[35,2,36,3],[3,36,4,37],[27,4,28,5],[5,26,6,27],[25,6,26,7],[7,24,8,25],[23,8,24,9],[9,22,10,23],[21,10,22,11],[11,1,12,38],[12,19,13,20],[34,14,35,13],[14,34,15,33],[32,16,33,15],[16,32,17,31],[30,18,31,17],[18,30,19,29],[37,21,38,20]]"
19nh_000000156,19,"[[1,27,2,26],[2,15,3,16],[14,3,15,4],[33,5,34,4],[5,37,6,36],[21,7,22,6],[7,21,8,20],[19,9,20,8],[9,19,10,18],[10,29,11,30],[30,11,31,12],[17,13,18,12],[13,25,14,24],[25,17,26,16],[22,35,23,36],[34,23,35,24],[27,1,28,38],[28,31,29,32],[37,33,38,32]]"
19nh_000000631,19,"[[1,25,2,24],[2,13,3,14],[12,3,13,4],[31,5,32,4],[5,37,6,36],[6,27,7,28],[28,7,29,8],[15,9,16,8],[9,19,10,18],[19,11,20,10],[11,23,12,22],[23,15,24,14],[16,35,17,36],[34,17,35,18],[20,33,21,34],[32,21,33,22],[25,1,26,38],[26,29,27,30],[37,31,38,30]]"
19nh_000000632,19,"[[1,31,2,30],[11,3,12,2],[3,15,4,14],[27,5,28,4],[5,27,6,26],[6,37,7,38],[36,7,37,8],[8,33,9,34],[32,9,33,10],[15,11,16,10],[12,23,13,24],[22,13,23,14],[31,17,32,16],[17,35,18,34],[35,19,36,18],[19,1,20,38],[20,25,21,26],[28,21,29,22],[24,29,25,30]]"
19nh_000002588,19,"[[1,18,2,19],[2,32,3,31],[3,10,4,11],[15,4,16,5],[8,5,9,6],[6,38,7,37],[36,8,37,7],[16,10,17,9],[11,28,12,29],[27,12,28,13],[13,26,14,27],[25,14,26,15],[17,32,18,33],[30,19,31,20],[20,29,21,30],[24,21,25,22],[22,36,23,35],[34,24,35,23],[33,1,34,38]]"
19nh_000003154,19,"[[28,1,29,2],[2,29,3,30],[30,3,31,4],[11,5,12,4],[5,13,6,12],[6,25,7,26],[24,7,25,8],[13,9,14,8],[16,9,17,10],[10,17,11,18],[35,14,36,15],[15,36,16,37],[31,19,32,18],[19,1,20,38],[20,28,21,27],[26,22,27,21],[22,34,23,33],[34,24,35,23],[37,32,38,33]]"
19nh_000003570,19,"[[16,1,17,2],[27,3,28,2],[3,27,4,26],[4,9,5,10],[30,5,31,6],[19,7,20,6],[7,19,8,18],[8,31,9,32],[10,30,11,29],[24,12,25,11],[12,24,13,23],[22,14,23,13],[14,36,15,35],[34,16,35,15],[17,33,18,32],[37,20,38,21],[21,36,22,37],[25,28,26,29],[33,1,34,38]]"
19nh_000003713,19,"[[1,26,2,27],[29,2,30,3],[3,30,4,31],[33,4,34,5],[5,34,6,35],[25,6,26,7],[7,1,8,38],[8,14,9,13],[18,10,19,9],[10,20,11,19],[22,12,23,11],[12,24,13,23],[14,27,15,28],[28,15,29,16],[16,31,17,32],[32,17,33,18],[35,21,36,20],[21,37,22,36],[37,25,38,24]]"
19nh_000003849,19,"[[1,35,2,34],[2,21,3,22],[24,3,25,4],[9,5,10,4],[5,19,6,18],[6,37,7,38],[36,7,37,8],[19,9,20,8],[10,31,11,32],[30,11,31,12],[12,29,13,30],[32,13,33,14],[23,15,24,14],[15,23,16,22],[16,33,17,34],[28,17,29,18],[20,25,21,26],[35,27,36,26],[27,1,28,38]]"
19nh_000004248,19,"[[1,33,2,32],[31,3,32,2],[10,3,11,4],[4,11,5,12],[5,31,6,30],[37,6,38,7],[34,8,35,7],[17,8,18,9],[9,18,10,19],[12,20,13,19],[20,14,21,13],[29,14,30,15],[15,28,16,29],[16,22,17,21],[22,28,23,27],[26,24,27,23],[24,36,25,35],[36,26,37,25],[33,1,34,38]]"
19nh_000004269,19,"[[20,1,21,2],[13,3,14,2],[3,7,4,6],[15,4,16,5],[5,14,6,15],[30,7,31,8],[25,9,26,8],[9,25,10,24],[23,11,24,10],[11,23,12,22],[12,31,13,32],[16,30,17,29],[28,18,29,17],[18,36,19,35],[34,20,35,19],[21,33,22,32],[37,26,38,27],[27,36,28,37],[33,1,34,38]]"
19nh_000005728,19,"[[1,25,2,24],[2,15,3,16],[14,3,15,4],[31,5,32,4],[5,37,6,36],[6,27,7,28],[28,7,29,8],[17,9,18,8],[9,19,10,18],[35,11,36,10],[11,35,12,34],[19,13,20,12],[13,23,14,22],[23,17,24,16],[20,33,21,34],[32,21,33,22],[25,1,26,38],[26,29,27,30],[37,31,38,30]]"
19nh_000006042,19,"[[1,24,2,25],[2,33,3,34],[32,3,33,4],[23,4,24,5],[5,1,6,38],[6,14,7,13],[26,8,27,7],[8,30,9,29],[28,10,29,9],[10,28,11,27],[11,21,12,20],[19,13,20,12],[14,25,15,26],[15,34,16,35],[31,16,32,17],[22,17,23,18],[18,38,19,37],[36,22,37,21],[35,31,36,30]]"
19nh_000007003,19,"[[1,34,2,35],[35,2,36,3],[20,3,21,4],[4,21,5,22],[5,36,6,37],[33,6,34,7],[7,32,8,33],[31,8,32,9],[9,30,10,31],[29,10,30,11],[11,28,12,29],[27,12,28,13],[13,26,14,27],[25,14,26,15],[15,1,16,38],[16,20,17,19],[22,18,23,17],[18,24,19,23],[37,25,38,24]]"
19nh_000018991,19,"[[10,1,11,2],[19,3,20,2],[3,19,4,18],[4,27,5,28],[28,5,29,6],[6,22,7,21],[16,8,17,7],[8,36,9,35],[34,10,35,9],[11,33,12,32],[25,13,26,12],[13,25,14,24],[37,14,38,15],[15,36,16,37],[17,20,18,21],[22,29,23,30],[30,23,31,24],[26,31,27,32],[33,1,34,38]]"
19nh_000032808,19,"[[8,1,9,2],[2,9,3,10],[3,33,4,32],[25,4,26,5],[28,6,29,5],[13,6,14,7],[7,16,8,17],[21,11,22,10],[11,23,12,22],[17,12,18,13],[14,36,15,35],[34,16,35,15],[18,30,19,29],[24,20,25,19],[20,31,21,32],[30,23,31,24],[37,26,38,27],[27,36,28,37],[33,1,34,38]]"
19nh_000054314,19,"[[1,9,2,8],[2,24,3,23],[36,3,37,4],[29,4,30,5],[5,28,6,29],[6,19,7,20],[32,8,33,7],[9,1,10,38],[10,32,11,31],[11,14,12,15],[17,12,18,13],[13,18,14,19],[26,15,27,16],[16,27,17,28],[35,21,36,20],[21,35,22,34],[33,23,34,22],[24,38,25,37],[25,31,26,30]]"
19nh_000066839,19,"[[1,13,2,12],[2,27,3,28],[30,3,31,4],[4,26,5,25],[24,6,25,5],[6,36,7,35],[18,8,19,7],[8,20,9,19],[34,10,35,9],[10,29,11,30],[28,11,29,12],[13,33,14,32],[37,14,38,15],[15,20,16,21],[21,16,22,17],[17,22,18,23],[23,36,24,37],[26,31,27,32],[33,1,34,38]]"
19nh_000066841,19,"[[1,19,2,18],[2,5,3,6],[30,3,31,4],[4,31,5,32],[6,28,7,27],[26,8,27,7],[8,36,9,35],[12,9,13,10],[10,15,11,16],[16,11,17,12],[13,25,14,24],[23,15,24,14],[34,18,35,17],[19,33,20,32],[20,29,21,30],[28,21,29,22],[37,22,38,23],[25,36,26,37],[33,1,34,38]]"
19nh_000076489,19,"[[1,27,2,26],[2,21,3,22],[18,3,19,4],[9,5,10,4],[5,32,6,33],[27,6,28,7],[7,28,8,29],[31,8,32,9],[17,11,18,10],[11,17,12,16],[37,12,38,13],[13,36,14,37],[23,14,24,15],[15,22,16,23],[30,20,31,19],[20,30,21,29],[24,36,25,35],[34,26,35,25],[33,1,34,38]]"
19nh_000077044,19,"[[1,31,2,30],[25,3,26,2],[3,23,4,22],[19,5,20,4],[5,19,6,18],[37,6,38,7],[7,36,8,37],[11,8,12,9],[9,17,10,16],[15,11,16,10],[12,36,13,35],[34,14,35,13],[17,14,18,15],[20,27,21,28],[28,21,29,22],[23,32,24,33],[31,24,32,25],[26,29,27,30],[33,1,34,38]]"
19nh_000107587,19,"[[1,14,2,15],[27,2,28,3],[8,3,9,4],[4,18,5,17],[5,35,6,34],[33,7,34,6],[16,8,17,7],[9,22,10,23],[19,10,20,11],[36,11,37,12],[12,37,13,38],[13,30,14,31],[15,27,16,26],[23,19,24,18],[20,29,21,30],[28,21,29,22],[24,36,25,35],[32,26,33,25],[31,1,32,38]]"
19nh_000130563,19,"[[1,27,2,26],[21,3,22,2],[3,21,4,20],[17,5,18,4],[5,17,6,16],[11,6,12,7],[7,14,8,15],[8,36,9,35],[34,10,35,9],[15,10,16,11],[31,12,32,13],[13,30,14,31],[18,23,19,24],[24,19,25,20],[22,25,23,26],[27,33,28,32],[28,38,29,37],[36,30,37,29],[33,1,34,38]]"
19nh_000130564,19,"[[1,27,2,26],[2,5,3,6],[8,3,9,4],[4,9,5,10],[25,7,26,6],[7,25,8,24],[23,11,24,10],[11,23,12,22],[17,12,18,13],[13,20,14,21],[14,36,15,35],[34,16,35,15],[21,16,22,17],[31,18,32,19],[19,30,20,31],[27,33,28,32],[28,38,29,37],[36,30,37,29],[33,1,34,38]]"
19nh_000143796,19,"[[1,31,2,30],[2,18,3,17],[16,4,17,3],[25,5,26,4],[5,25,6,24],[13,6,14,7],[7,12,8,13],[27,8,28,9],[9,28,10,29],[10,37,11,38],[36,11,37,12],[14,35,15,36],[34,15,35,16],[31,19,32,18],[19,33,20,32],[33,21,34,20],[21,1,22,38],[22,30,23,29],[23,26,24,27]]"
19nh_000177115,19,"[[1,19,2,18],[17,3,18,2],[24,3,25,4],[4,9,5,10],[12,5,13,6],[35,7,36,6],[7,35,8,34],[8,13,9,14],[10,21,11,22],[20,11,21,12],[14,33,15,34],[30,15,31,16],[16,29,17,30],[19,37,20,36],[37,23,38,22],[23,1,24,38],[25,29,26,28],[31,27,32,26],[27,33,28,32]]"
19nh_000177116,19,"[[14,1,15,2],[2,32,3,31],[3,10,4,11],[37,5,38,4],[5,20,6,21],[15,6,16,7],[7,16,8,17],[19,8,20,9],[9,37,10,36],[28,12,29,11],[12,28,13,27],[22,14,23,13],[34,18,35,17],[18,34,19,33],[21,1,22,38],[23,26,24,27],[29,24,30,25],[25,30,26,31],[32,35,33,36]]"
19nh_000187109,19,"[[1,37,2,36],[2,11,3,12],[16,3,17,4],[4,33,5,34],[30,5,31,6],[6,29,7,30],[28,7,29,8],[8,25,9,26],[20,9,21,10],[10,17,11,18],[12,35,13,36],[13,27,14,26],[27,15,28,14],[34,15,35,16],[37,19,38,18],[19,1,20,38],[21,25,22,24],[31,23,32,22],[23,33,24,32]]"
19nh_000458099,19,"[[1,21,2,20],[21,3,22,2],[6,3,7,4],[4,27,5,28],[28,5,29,6],[7,13,8,12],[35,8,36,9],[9,30,10,31],[31,10,32,11],[11,34,12,35],[13,37,14,36],[37,15,38,14],[15,1,16,38],[16,20,17,19],[22,18,23,17],[18,24,19,23],[24,29,25,30],[32,25,33,26],[26,33,27,34]]"
19nh_000616024,19,"[[1,23,2,22],[13,3,14,2],[20,4,21,3],[4,20,5,19],[5,13,6,12],[37,6,38,7],[26,8,27,7],[8,28,9,27],[9,36,10,37],[33,10,34,11],[11,32,12,33],[14,21,15,22],[30,15,31,16],[16,35,17,36],[34,17,35,18],[18,31,19,32],[23,1,24,38],[24,30,25,29],[28,26,29,25]]"
19nh_000889975,19,"[[1,17,2,16],[35,2,36,3],[3,26,4,27],[27,4,28,5],[5,34,6,35],[6,12,7,11],[12,8,13,7],[33,8,34,9],[9,32,10,33],[10,14,11,13],[31,14,32,15],[15,30,16,31],[17,1,18,38],[18,23,19,24],[22,19,23,20],[20,30,21,29],[28,22,29,21],[37,25,38,24],[25,37,26,36]]"
19nh_000941086,19,"[[1,31,2,30],[2,11,3,12],[10,3,11,4],[4,9,5,10],[14,5,15,6],[6,35,7,36],[34,7,35,8],[8,15,9,16],[27,13,28,12],[13,27,14,26],[31,17,32,16],[17,33,18,32],[33,19,34,18],[19,1,20,38],[20,23,21,24],[28,21,29,22],[22,29,23,30],[37,25,38,24],[25,37,26,36]]"
19nh_001336127,19,"[[1,22,2,23],[2,8,3,7],[36,3,37,4],[4,35,5,36],[34,5,35,6],[6,33,7,34],[21,8,22,9],[9,1,10,38],[10,30,11,29],[11,15,12,14],[17,13,18,12],[13,19,14,18],[15,24,16,25],[25,16,26,17],[28,20,29,19],[20,37,21,38],[30,23,31,24],[26,31,27,32],[32,27,33,28]]"
19nh_001561948,19,"[[20,2,21,1],[2,20,3,19],[3,33,4,32],[35,5,36,4],[5,35,6,34],[33,7,34,6],[7,1,8,38],[8,16,9,15],[9,12,10,13],[23,11,24,10],[11,23,12,22],[28,13,29,14],[14,27,15,28],[16,21,17,22],[30,17,31,18],[18,31,19,32],[24,30,25,29],[25,36,26,37],[37,26,38,27]]"
19nh_001746199,19,"[[20,1,21,2],[2,19,3,20],[3,33,4,32],[35,5,36,4],[16,5,17,6],[6,13,7,14],[7,22,8,23],[21,8,22,9],[18,10,19,9],[33,10,34,11],[11,34,12,35],[12,18,13,17],[27,15,28,14],[15,29,16,28],[23,1,24,38],[24,32,25,31],[30,26,31,25],[26,37,27,38],[36,29,37,30]]"
19nh_001785287,19,"[[1,29,2,28],[2,14,3,13],[36,3,37,4],[25,5,26,4],[5,16,6,17],[23,6,24,7],[7,22,8,23],[19,8,20,9],[9,18,10,19],[17,10,18,11],[11,34,12,35],[27,12,28,13],[14,38,15,37],[15,24,16,25],[20,32,21,31],[32,22,33,21],[35,27,36,26],[29,1,30,38],[30,34,31,33]]"
19nh_002457201,19,"[[1,30,2,31],[7,2,8,3],[3,33,4,32],[4,21,5,22],[22,5,23,6],[31,7,32,6],[29,8,30,9],[9,1,10,38],[10,23,11,24],[16,12,17,11],[12,20,13,19],[13,34,14,35],[33,14,34,15],[20,16,21,15],[26,17,27,18],[18,27,19,28],[37,25,38,24],[25,37,26,36],[35,29,36,28]]"
19nh_003361975,19,"[[1,33,2,32],[31,3,32,2],[3,31,4,30],[29,5,30,4],[5,17,6,16],[17,7,18,6],[28,7,29,8],[8,27,9,28],[9,19,10,18],[19,11,20,10],[36,11,37,12],[12,23,13,24],[24,13,25,14],[14,35,15,36],[15,21,16,20],[34,21,35,22],[22,25,23,26],[26,37,27,38],[33,1,34,38]]"
19nh_003772023,19,"[[1,15,2,14],[2,33,3,34],[34,3,35,4],[4,13,5,14],[16,5,17,6],[6,31,7,32],[7,29,8,28],[27,9,28,8],[9,27,10,26],[23,11,24,10],[11,23,12,22],[21,13,22,12],[15,1,16,38],[17,21,18,20],[29,19,30,18],[19,31,20,30],[24,35,25,36],[36,25,37,26],[32,37,33,38]]"
19nh_009668884,19,"[[1,29,2,28],[17,2,18,3],[3,35,4,34],[4,15,5,16],[14,5,15,6],[6,23,7,24],[20,7,21,8],[8,19,9,20],[30,10,31,9],[10,28,11,27],[26,12,27,11],[12,32,13,31],[24,13,25,14],[33,17,34,16],[37,18,38,19],[21,36,22,37],[35,22,36,23],[32,26,33,25],[29,1,30,38]]"
19nh_010449461,19,"[[30,1,31,2],[2,31,3,32],[3,15,4,14],[13,5,14,4],[5,37,6,36],[11,6,12,7],[16,8,17,7],[8,30,9,29],[32,10,33,9],[10,36,11,35],[37,13,38,12],[15,1,16,38],[17,20,18,21],[25,18,26,19],[19,26,20,27],[21,34,22,35],[33,22,34,23],[23,28,24,29],[27,24,28,25]]"
19nh_015088058,19,"[[32,1,33,2],[2,13,3,14],[14,3,15,4],[27,5,28,4],[5,27,6,26],[6,20,7,19],[18,8,19,7],[8,30,9,29],[30,10,31,9],[37,11,38,10],[11,35,12,34],[12,21,13,22],[20,15,21,16],[16,35,17,36],[36,17,37,18],[33,23,34,22],[23,1,24,38],[24,32,25,31],[25,28,26,29]]"
19nh_019331276,19,"[[18,1,19,2],[2,19,3,20],[30,3,31,4],[4,31,5,32],[5,13,6,12],[37,6,38,7],[7,26,8,27],[27,8,28,9],[9,36,10,37],[33,10,34,11],[11,32,12,33],[13,1,14,38],[14,18,15,17],[24,16,25,15],[16,26,17,25],[20,30,21,29],[34,22,35,21],[22,36,23,35],[28,24,29,23]]"
19nh_019761670,19,"[[20,1,21,2],[2,21,3,22],[26,4,27,3],[4,26,5,25],[5,34,6,35],[33,6,34,7],[7,1,8,38],[8,20,9,19],[18,10,19,9],[10,18,11,17],[14,12,15,11],[12,23,13,24],[22,13,23,14],[15,30,16,31],[31,16,32,17],[24,27,25,28],[35,29,36,28],[29,37,30,36],[37,33,38,32]]"
19nh_020746102,19,"[[1,15,2,14],[35,2,36,3],[3,10,4,11],[9,4,10,5],[5,36,6,37],[37,6,38,7],[30,7,31,8],[8,29,9,30],[11,27,12,26],[12,21,13,22],[32,14,33,13],[15,1,16,38],[16,32,17,31],[17,21,18,20],[27,19,28,18],[19,29,20,28],[22,25,23,26],[34,24,35,23],[24,34,25,33]]"
19nh_026824671,19,"[[24,2,25,1],[2,36,3,35],[22,3,23,4],[15,4,16,5],[5,16,6,17],[37,7,38,6],[7,1,8,38],[8,32,9,31],[12,10,13,9],[10,20,11,19],[20,12,21,11],[13,30,14,31],[17,14,18,15],[29,18,30,19],[28,22,29,21],[36,24,37,23],[32,25,33,26],[26,33,27,34],[34,27,35,28]]"
19nh_029859281,19,"[[1,35,2,34],[2,25,3,26],[24,3,25,4],[13,4,14,5],[5,14,6,15],[35,7,36,6],[7,1,8,38],[8,34,9,33],[26,10,27,9],[10,20,11,19],[20,12,21,11],[12,24,13,23],[15,36,16,37],[37,16,38,17],[32,17,33,18],[18,27,19,28],[21,30,22,31],[29,22,30,23],[31,29,32,28]]"
19nh_032393076,19,"[[1,32,2,33],[13,2,14,3],[3,8,4,9],[29,4,30,5],[5,30,6,31],[15,7,16,6],[7,15,8,14],[9,37,10,36],[10,26,11,25],[24,12,25,11],[35,13,36,12],[31,16,32,17],[17,1,18,38],[18,22,19,21],[26,20,27,19],[20,28,21,27],[22,33,23,34],[34,23,35,24],[37,29,38,28]]"
19nh_032455745,19,"[[32,1,33,2],[2,24,3,23],[14,3,15,4],[4,15,5,16],[24,6,25,5],[6,35,7,36],[36,7,37,8],[25,8,26,9],[9,26,10,27],[17,10,18,11],[11,31,12,30],[29,13,30,12],[13,29,14,28],[27,17,28,16],[37,19,38,18],[19,35,20,34],[33,21,34,20],[21,1,22,38],[22,32,23,31]]"
19nh_035320248,19,"[[32,1,33,2],[2,33,3,34],[34,3,35,4],[4,11,5,12],[16,5,17,6],[6,17,7,18],[36,8,37,7],[23,8,24,9],[9,24,10,25],[10,36,11,35],[12,28,13,27],[20,14,21,13],[14,20,15,19],[28,16,29,15],[18,30,19,29],[30,22,31,21],[37,23,38,22],[25,1,26,38],[26,32,27,31]]"
19nh_035487682,19,"[[1,4,2,5],[35,2,36,3],[3,36,4,37],[28,5,29,6],[6,13,7,14],[7,23,8,22],[15,8,16,9],[9,16,10,17],[10,32,11,31],[32,12,33,11],[12,23,13,24],[21,14,22,15],[26,18,27,17],[37,19,38,18],[19,1,20,38],[20,28,21,27],[24,34,25,33],[30,26,31,25],[34,29,35,30]]"
19nh_051162051,19,"[[14,2,15,1],[2,14,3,13],[3,31,4,30],[37,4,38,5],[5,36,6,37],[35,6,36,7],[32,8,33,7],[8,15,9,16],[16,9,17,10],[10,25,11,26],[22,11,23,12],[12,19,13,20],[24,18,25,17],[18,24,19,23],[29,20,30,21],[21,28,22,29],[26,34,27,33],[34,28,35,27],[31,1,32,38]]"
19nh_055867647,19,"[[1,23,2,22],[33,3,34,2],[3,31,4,30],[25,5,26,4],[5,1,6,38],[6,22,7,21],[7,10,8,11],[35,9,36,8],[9,35,10,34],[11,17,12,16],[15,13,16,12],[13,20,14,21],[19,14,20,15],[28,17,29,18],[18,27,19,28],[23,32,24,33],[31,24,32,25],[37,26,38,27],[29,36,30,37]]"
19nh_068872115,19,"[[1,35,2,34],[17,2,18,3],[3,36,4,37],[19,5,20,4],[5,1,6,38],[6,26,7,25],[7,10,8,11],[31,8,32,9],[9,32,10,33],[11,24,12,25],[12,22,13,21],[16,14,17,13],[14,28,15,27],[28,16,29,15],[35,19,36,18],[37,20,38,21],[29,22,30,23],[23,30,24,31],[26,34,27,33]]"
19nh_080376121,19,"[[1,28,2,29],[27,2,28,3],[3,35,4,34],[33,5,34,4],[5,33,6,32],[19,6,20,7],[7,12,8,13],[37,9,38,8],[9,22,10,23],[35,10,36,11],[11,21,12,20],[18,14,19,13],[14,31,15,32],[26,16,27,15],[16,30,17,29],[24,17,25,18],[21,36,22,37],[23,1,24,38],[30,26,31,25]]"
19nh_083547570,19,"[[14,1,15,2],[2,15,3,16],[36,3,37,4],[4,32,5,31],[30,6,31,5],[6,18,7,17],[7,26,8,27],[27,8,28,9],[9,12,10,13],[23,10,24,11],[11,24,12,25],[34,14,35,13],[16,36,17,35],[18,30,19,29],[32,20,33,19],[37,21,38,20],[21,1,22,38],[22,34,23,33],[25,28,26,29]]"
19nh_109593374,19,"[[1,20,2,21],[19,2,20,3],[3,29,4,28],[27,5,28,4],[5,8,6,9],[35,6,36,7],[7,36,8,37],[18,10,19,9],[10,22,11,21],[30,11,31,12],[12,23,13,24],[32,14,33,13],[14,34,15,33],[24,15,25,16],[16,25,17,26],[34,18,35,17],[22,32,23,31],[37,27,38,26],[29,1,30,38]]"
19nh_144186247,19,"[[1,6,2,7],[35,2,36,3],[3,15,4,14],[37,5,38,4],[5,16,6,17],[32,7,33,8],[8,28,9,27],[28,10,29,9],[10,33,11,34],[34,11,35,12],[12,23,13,24],[22,13,23,14],[15,36,16,37],[17,1,18,38],[18,26,19,25],[19,31,20,30],[29,21,30,20],[24,22,25,21],[26,32,27,31]]"
19nh_144186248,19,"[[1,35,2,34],[2,6,3,5],[20,3,21,4],[4,19,5,20],[35,7,36,6],[7,1,8,38],[8,34,9,33],[9,14,10,15],[27,10,28,11],[11,17,12,16],[29,13,30,12],[13,18,14,19],[15,27,16,26],[17,28,18,29],[30,21,31,22],[22,31,23,32],[36,24,37,23],[24,38,25,37],[32,25,33,26]]"
19nh_146789683,19,"[[1,34,2,35],[5,3,6,2],[3,33,4,32],[33,5,34,4],[35,6,36,7],[22,7,23,8],[8,16,9,15],[16,10,17,9],[10,23,11,24],[11,36,12,37],[31,12,32,13],[13,1,14,38],[14,22,15,21],[26,17,27,18],[18,27,19,28],[24,20,25,19],[20,30,21,29],[28,25,29,26],[37,31,38,30]]"
19nh_150081216,19,"[[1,11,2,10],[19,3,20,2],[3,19,4,18],[23,4,24,5],[5,16,6,17],[6,36,7,35],[34,8,35,7],[21,9,22,8],[9,21,10,20],[11,33,12,32],[27,12,28,13],[13,26,14,27],[25,14,26,15],[15,30,16,31],[17,22,18,23],[31,24,32,25],[28,38,29,37],[36,30,37,29],[33,1,34,38]]"
19nh_169852405,19,"[[32,1,33,2],[2,33,3,34],[14,3,15,4],[4,36,5,35],[24,6,25,5],[6,17,7,18],[26,7,27,8],[8,22,9,21],[30,10,31,9],[10,32,11,31],[11,20,12,21],[19,12,20,13],[34,14,35,13],[36,15,37,16],[16,23,17,24],[18,26,19,25],[22,27,23,28],[37,29,38,28],[29,1,30,38]]"
19ns_006,19,"[[24,1,25,2],[2,36,3,35],[3,20,4,21],[19,4,20,5],[36,6,37,5],[29,7,30,6],[7,29,8,28],[27,9,28,8],[9,27,10,26],[25,11,26,10],[11,31,12,30],[37,12,38,13],[18,14,19,13],[14,22,15,21],[15,34,16,35],[33,16,34,17],[22,18,23,17],[32,24,33,23],[31,1,32,38]]"
19ns_018,19,"[[1,25,2,24],[2,33,3,34],[36,3,37,4],[21,5,22,4],[5,21,6,20],[6,13,7,14],[12,7,13,8],[8,29,9,30],[28,9,29,10],[10,27,11,28],[30,11,31,12],[14,19,15,20],[22,15,23,16],[35,17,36,16],[17,35,18,34],[18,23,19,24],[25,1,26,38],[26,31,27,32],[32,37,33,38]]"
19ns_101,19,"[[1,35,2,34],[2,11,3,12],[24,3,25,4],[4,23,5,24],[5,13,6,12],[6,33,7,34],[28,7,29,8],[19,9,20,8],[9,23,10,22],[10,25,11,26],[13,19,14,18],[17,15,18,14],[15,31,16,30],[31,17,32,16],[20,37,21,38],[36,21,37,22],[35,27,36,26],[27,1,28,38],[29,33,30,32]]"
19ns_157,19,"[[1,35,2,34],[2,25,3,26],[24,3,25,4],[35,5,36,4],[5,1,6,38],[6,30,7,29],[7,11,8,10],[13,9,14,8],[9,15,10,14],[11,30,12,31],[31,12,32,13],[28,16,29,15],[16,37,17,38],[36,17,37,18],[23,19,24,18],[19,27,20,26],[20,33,21,34],[32,21,33,22],[27,23,28,22]]"
19ns_193,19,"[[1,35,2,34],[2,27,3,28],[26,3,27,4],[35,5,36,4],[5,1,6,38],[6,12,7,11],[12,8,13,7],[8,14,9,13],[9,16,10,17],[17,10,18,11],[14,32,15,31],[30,16,31,15],[18,37,19,38],[36,19,37,20],[25,21,26,20],[21,29,22,28],[22,33,23,34],[32,23,33,24],[29,25,30,24]]"
19ns_244,19,"[[1,27,2,26],[35,2,36,3],[16,3,17,4],[4,13,5,14],[5,32,6,33],[31,6,32,7],[18,8,19,7],[37,9,38,8],[9,28,10,29],[27,10,28,11],[11,37,12,36],[12,18,13,17],[23,14,24,15],[15,22,16,23],[30,20,31,19],[20,26,21,25],[34,21,35,22],[24,33,25,34],[29,1,30,38]]"
