id_num,n,threshold,obstructing_invariants,original_knot_name,n_friend_index,original_knot_crossings,original_knot_slice,original_knot_tau,original_knot_s_0,num_crossings,volume,verification,s,s_2,s_3,nu,tau,simplified,knot_PD_code,n_friend_PD_code
160,3,1.2679,2*tau=2; 2*nu=2,17nh_0013937,222,17,-1,1,2,44,18.56450633,True,,,,1.0,1.0,False,"[(8, 46, 9, 45), (7, 86, 8, 87), (77, 11, 78, 10), (35, 46, 36, 47), (36, 86, 37, 85), (48, 67, 49, 68), (83, 67, 84, 66), (19, 4, 20, 5), (23, 41, 24, 40), (84, 38, 85, 37), (80, 5, 81, 6), (50, 4, 51, 3), (47, 38, 48, 39), (68, 40, 69, 39), (65, 6, 66, 7), (18, 51, 19, 52), (1, 53, 2, 52), (62, 53, 63, 54), (0, 63, 1, 64), (15, 27, 16, 26), (14, 61, 15, 62), (49, 22, 50, 23), (82, 22, 83, 21), (2, 17, 3, 18), (87, 78, 0, 79), (64, 80, 65, 79), (20, 82, 21, 81), (11, 75, 12, 74), (54, 74, 55, 73), (59, 29, 60, 28), (42, 70, 43, 69), (41, 25, 42, 24), (44, 10, 45, 9), (29, 59, 30, 58), (32, 75, 33, 76), (27, 61, 28, 60), (72, 56, 73, 55), (56, 13, 57, 14), (25, 17, 26, 16), (70, 31, 71, 32), (71, 13, 72, 12), (43, 34, 44, 35), (76, 33, 77, 34), (57, 31, 58, 30)]","[[24,2,25,1],[11,2,12,3],[3,12,4,13],[4,24,5,23],[34,5,1,6],[6,21,7,22],[7,15,8,14],[31,9,32,8],[9,31,10,30],[29,11,30,10],[13,33,14,32],[15,21,16,20],[19,17,20,16],[17,27,18,26],[27,19,28,18],[22,33,23,34],[25,29,26,28]]"
164,1,0.0000,2*tau=2; 2*nu=2,17nh_0024597,226,17,-1,1,2,41,18.89284615,True,,,,1.0,1.0,False,"[(8, 75, 9, 76), (0, 68, 1, 67), (61, 5, 62, 4), (47, 6, 48, 7), (80, 39, 81, 40), (25, 10, 26, 11), (79, 25, 80, 24), (59, 75, 60, 74), (49, 76, 50, 77), (43, 65, 44, 64), (70, 38, 71, 37), (29, 55, 30, 54), (35, 56, 36, 57), (38, 12, 39, 11), (53, 67, 54, 66), (13, 68, 14, 69), (30, 65, 31, 66), (36, 28, 37, 27), (72, 58, 73, 57), (69, 12, 70, 13), (71, 26, 72, 27), (60, 19, 61, 20), (5, 19, 6, 18), (46, 18, 47, 17), (15, 41, 16, 40), (77, 50, 78, 51), (7, 48, 8, 49), (62, 46, 63, 45), (52, 41, 53, 42), (16, 52, 17, 51), (31, 43, 32, 42), (23, 79, 24, 78), (22, 10, 23, 9), (21, 58, 22, 59), (20, 73, 21, 74), (14, 0, 15, 81), (55, 2, 56, 3), (28, 2, 29, 1), (63, 32, 64, 33), (44, 34, 45, 33), (3, 35, 4, 34)]","[[20,2,21,1],[2,16,3,15],[3,28,4,29],[27,4,28,5],[16,6,17,5],[6,18,7,17],[18,8,19,7],[8,20,9,19],[9,32,10,33],[33,10,34,11],[26,12,27,11],[12,30,13,29],[13,22,14,23],[23,14,24,15],[21,24,22,25],[30,26,31,25],[31,34,32,1]]"
165,1,0.0000,2*tau=2; 2*nu=2,17nh_0024597,226,17,-1,1,2,47,19.204746,True,,,,1.0,1.0,False,"[(88, 58, 89, 57), (47, 87, 48, 86), (82, 68, 83, 67), (85, 36, 86, 37), (83, 30, 84, 31), (79, 19, 80, 18), (52, 65, 53, 66), (72, 26, 73, 25), (24, 74, 25, 73), (15, 66, 16, 67), (64, 53, 65, 54), (27, 60, 28, 61), (61, 45, 62, 44), (40, 56, 41, 55), (9, 56, 10, 57), (48, 38, 49, 37), (50, 34, 51, 33), (51, 12, 52, 13), (29, 47, 30, 46), (11, 39, 12, 38), (14, 32, 15, 31), (1, 10, 2, 11), (0, 88, 1, 87), (70, 60, 71, 59), (68, 45, 69, 46), (71, 92, 72, 93), (26, 92, 27, 91), (58, 0, 59, 93), (20, 78, 21, 77), (62, 82, 63, 81), (41, 78, 42, 79), (7, 77, 8, 76), (89, 74, 90, 75), (6, 43, 7, 44), (32, 14, 33, 13), (35, 84, 36, 85), (34, 50, 35, 49), (28, 70, 29, 69), (90, 24, 91, 23), (63, 16, 64, 17), (8, 21, 9, 22), (42, 20, 43, 19), (75, 23, 76, 22), (17, 4, 18, 5), (80, 6, 81, 5), (54, 3, 55, 4), (39, 2, 40, 3)]","[[20,2,21,1],[2,16,3,15],[3,28,4,29],[27,4,28,5],[16,6,17,5],[6,18,7,17],[18,8,19,7],[8,20,9,19],[9,32,10,33],[33,10,34,11],[26,12,27,11],[12,30,13,29],[13,22,14,23],[23,14,24,15],[21,24,22,25],[30,26,31,25],[31,34,32,1]]"
166,2,0.5858,s=2; s_2=2; s_3=2; 2*tau=2; 2*nu=2,17nh_0024597,226,17,-1,1,2,35,18.54674434,True,2.0,2.0,2.0,1.0,1.0,False,"[(10, 68, 11, 67), (15, 58, 16, 59), (48, 58, 49, 57), (53, 68, 54, 69), (41, 0, 42, 1), (27, 39, 28, 38), (40, 64, 41, 63), (2, 39, 3, 40), (60, 38, 61, 37), (47, 6, 48, 7), (17, 5, 18, 4), (19, 66, 20, 67), (61, 28, 62, 29), (5, 25, 6, 24), (65, 18, 66, 19), (16, 25, 17, 26), (46, 24, 47, 23), (35, 57, 36, 56), (33, 23, 34, 22), (36, 49, 37, 50), (34, 7, 35, 8), (59, 14, 60, 15), (26, 13, 27, 14), (64, 12, 65, 11), (3, 13, 4, 12), (62, 2, 63, 1), (8, 31, 9, 32), (21, 33, 22, 32), (55, 31, 56, 30), (69, 52, 0, 53), (42, 52, 43, 51), (29, 51, 30, 50), (9, 44, 10, 45), (20, 46, 21, 45), (54, 44, 55, 43)]","[[20,2,21,1],[2,16,3,15],[3,28,4,29],[27,4,28,5],[16,6,17,5],[6,18,7,17],[18,8,19,7],[8,20,9,19],[9,32,10,33],[33,10,34,11],[26,12,27,11],[12,30,13,29],[13,22,14,23],[23,14,24,15],[21,24,22,25],[30,26,31,25],[31,34,32,1]]"
167,2,0.5858,2*tau=2; 2*nu=2,17nh_0024597,226,17,-1,1,2,42,18.95625442,True,,,,1.0,1.0,False,"[(55, 38, 56, 39), (20, 38, 21, 37), (3, 32, 4, 33), (77, 71, 78, 70), (78, 5, 79, 6), (11, 54, 12, 55), (65, 53, 66, 52), (42, 53, 43, 54), (2, 45, 3, 46), (0, 62, 1, 61), (83, 14, 0, 15), (43, 65, 44, 64), (15, 61, 16, 60), (48, 72, 49, 71), (73, 17, 74, 16), (74, 59, 75, 60), (72, 48, 73, 47), (36, 14, 37, 13), (35, 62, 36, 63), (33, 47, 34, 46), (34, 1, 35, 2), (44, 24, 45, 23), (63, 22, 64, 23), (12, 22, 13, 21), (69, 7, 70, 6), (24, 52, 25, 51), (26, 10, 27, 9), (25, 66, 26, 67), (27, 41, 28, 40), (39, 29, 40, 28), (67, 30, 68, 31), (8, 30, 9, 29), (50, 32, 51, 31), (68, 80, 69, 79), (7, 80, 8, 81), (58, 75, 59, 76), (17, 77, 18, 76), (49, 4, 50, 5), (57, 19, 58, 18), (41, 10, 42, 11), (19, 82, 20, 83), (56, 82, 57, 81)]","[[20,2,21,1],[2,16,3,15],[3,28,4,29],[27,4,28,5],[16,6,17,5],[6,18,7,17],[18,8,19,7],[8,20,9,19],[9,32,10,33],[33,10,34,11],[26,12,27,11],[12,30,13,29],[13,22,14,23],[23,14,24,15],[21,24,22,25],[30,26,31,25],[31,34,32,1]]"
168,3,1.2679,s=2; s_2=2; s_3=2; 2*tau=2; 2*nu=2,17nh_0024597,226,17,-1,1,2,33,18.24154475,True,2.0,2.0,2.0,1.0,1.0,False,"[(23, 1, 24, 0), (64, 22, 65, 21), (63, 9, 64, 8), (18, 62, 19, 61), (57, 34, 58, 35), (16, 49, 17, 50), (45, 22, 46, 23), (46, 9, 47, 10), (26, 35, 27, 36), (17, 39, 18, 38), (25, 33, 26, 32), (31, 21, 32, 20), (30, 8, 31, 7), (19, 29, 20, 28), (13, 59, 14, 58), (24, 43, 25, 44), (12, 41, 13, 42), (51, 41, 52, 40), (44, 65, 45, 0), (33, 56, 34, 57), (2, 53, 3, 54), (11, 54, 12, 55), (42, 56, 43, 55), (6, 30, 7, 29), (4, 47, 5, 48), (5, 63, 6, 62), (50, 15, 51, 16), (59, 15, 60, 14), (37, 60, 38, 61), (39, 49, 40, 48), (36, 27, 37, 28), (52, 3, 53, 4), (10, 2, 11, 1)]","[[20,2,21,1],[2,16,3,15],[3,28,4,29],[27,4,28,5],[16,6,17,5],[6,18,7,17],[18,8,19,7],[8,20,9,19],[9,32,10,33],[33,10,34,11],[26,12,27,11],[12,30,13,29],[13,22,14,23],[23,14,24,15],[21,24,22,25],[30,26,31,25],[31,34,32,1]]"
169,3,1.2679,2*tau=2; 2*nu=2,17nh_0024597,226,17,-1,1,2,42,18.81103698,True,,,,1.0,1.0,False,"[(66, 0, 67, 83), (59, 74, 60, 75), (41, 0, 42, 1), (20, 78, 21, 77), (73, 62, 74, 63), (71, 47, 72, 46), (72, 13, 73, 14), (65, 24, 66, 25), (64, 58, 65, 57), (34, 62, 35, 61), (60, 34, 61, 33), (55, 27, 56, 26), (43, 58, 44, 59), (36, 47, 37, 48), (42, 24, 43, 23), (18, 29, 19, 30), (35, 13, 36, 12), (14, 45, 15, 46), (81, 55, 82, 54), (21, 9, 22, 8), (76, 7, 77, 8), (31, 7, 32, 6), (50, 3, 51, 4), (16, 38, 17, 37), (79, 40, 80, 41), (27, 39, 28, 38), (52, 39, 53, 40), (48, 17, 49, 18), (53, 81, 54, 80), (49, 28, 50, 29), (2, 51, 3, 52), (5, 31, 6, 30), (1, 78, 2, 79), (4, 20, 5, 19), (44, 64, 45, 63), (56, 70, 57, 69), (25, 68, 26, 69), (82, 68, 83, 67), (15, 70, 16, 71), (11, 33, 12, 32), (10, 75, 11, 76), (9, 23, 10, 22)]","[[20,2,21,1],[2,16,3,15],[3,28,4,29],[27,4,28,5],[16,6,17,5],[6,18,7,17],[18,8,19,7],[8,20,9,19],[9,32,10,33],[33,10,34,11],[26,12,27,11],[12,30,13,29],[13,22,14,23],[23,14,24,15],[21,24,22,25],[30,26,31,25],[31,34,32,1]]"
293,1,0.0000,2*tau=2; 2*nu=2,17nh_0466454,328,17,-1,1,2,70,24.84887029,True,,,,1.0,1.0,False,"[(11, 50, 12, 51), (7, 137, 8, 136), (61, 22, 62, 23), (87, 19, 88, 18), (120, 26, 121, 25), (55, 43, 56, 42), (128, 41, 129, 42), (56, 1, 57, 2), (88, 58, 89, 57), (115, 69, 116, 68), (89, 126, 90, 127), (100, 109, 101, 110), (5, 110, 6, 111), (127, 3, 128, 2), (16, 44, 17, 43), (17, 0, 18, 1), (24, 104, 25, 103), (23, 80, 24, 81), (33, 132, 34, 133), (31, 11, 32, 10), (30, 50, 31, 49), (27, 119, 28, 118), (29, 66, 30, 67), (116, 47, 117, 48), (112, 9, 113, 10), (111, 135, 112, 134), (122, 82, 123, 81), (121, 102, 122, 103), (6, 74, 7, 73), (101, 75, 102, 74), (113, 71, 114, 70), (69, 115, 70, 114), (63, 105, 64, 104), (62, 79, 63, 80), (72, 135, 73, 136), (71, 9, 72, 8), (67, 49, 68, 48), (83, 109, 84, 108), (82, 75, 83, 76), (3, 90, 4, 91), (78, 21, 79, 22), (76, 124, 77, 123), (77, 60, 78, 61), (106, 60, 107, 59), (105, 21, 106, 20), (107, 124, 108, 125), (53, 37, 54, 36), (130, 35, 131, 36), (38, 16, 39, 15), (40, 129, 41, 130), (39, 55, 40, 54), (93, 52, 94, 53), (92, 132, 93, 131), (91, 34, 92, 35), (94, 13, 95, 14), (139, 64, 0, 65), (138, 120, 139, 119), (137, 26, 138, 27), (19, 87, 20, 86), (125, 84, 126, 85), (58, 86, 59, 85), (14, 38, 15, 37), (51, 96, 52, 97), (12, 95, 13, 96), (133, 99, 134, 98), (4, 100, 5, 99), (32, 97, 33, 98), (44, 66, 45, 65), (46, 117, 47, 118), (45, 29, 46, 28)]","[[10,2,11,1],[23,2,24,3],[3,24,4,25],[33,4,34,5],[5,27,6,26],[27,7,28,6],[7,18,8,19],[17,8,18,9],[34,10,1,9],[11,23,12,22],[12,15,13,16],[30,13,31,14],[14,31,15,32],[21,17,22,16],[19,29,20,28],[29,21,30,20],[25,33,26,32]]"
294,2,0.5858,2*tau=2; 2*nu=2,17nh_0466454,328,17,-1,1,2,61,24.78163614,True,,,,1.0,1.0,False,"[(43, 27, 44, 26), (68, 27, 69, 28), (102, 25, 103, 26), (33, 3, 34, 2), (57, 39, 58, 38), (56, 73, 57, 74), (58, 107, 59, 108), (78, 3, 79, 4), (4, 79, 5, 80), (112, 1, 113, 2), (71, 91, 72, 90), (105, 93, 106, 92), (40, 91, 41, 92), (77, 21, 78, 20), (111, 23, 112, 22), (34, 21, 35, 22), (37, 55, 38, 54), (108, 53, 109, 54), (74, 55, 75, 56), (0, 7, 1, 8), (17, 115, 18, 114), (6, 113, 7, 114), (117, 67, 118, 66), (116, 45, 117, 46), (5, 33, 6, 32), (18, 31, 19, 32), (29, 47, 30, 46), (28, 65, 29, 66), (89, 71, 90, 70), (87, 105, 88, 104), (19, 81, 20, 80), (88, 41, 89, 42), (103, 87, 104, 86), (42, 85, 43, 86), (69, 85, 70, 84), (101, 121, 102, 120), (44, 119, 45, 120), (67, 119, 68, 118), (12, 59, 13, 60), (14, 93, 15, 94), (11, 53, 12, 52), (121, 17, 0, 16), (63, 73, 64, 72), (62, 39, 63, 40), (61, 107, 62, 106), (60, 13, 61, 14), (51, 11, 52, 10), (48, 75, 49, 76), (50, 109, 51, 110), (49, 37, 50, 36), (30, 99, 31, 100), (115, 101, 116, 100), (96, 35, 97, 36), (95, 111, 96, 110), (97, 77, 98, 76), (94, 9, 95, 10), (24, 15, 25, 16), (23, 9, 24, 8), (81, 99, 82, 98), (82, 47, 83, 48), (83, 65, 84, 64)]","[[10,2,11,1],[23,2,24,3],[3,24,4,25],[33,4,34,5],[5,27,6,26],[27,7,28,6],[7,18,8,19],[17,8,18,9],[34,10,1,9],[11,23,12,22],[12,15,13,16],[30,13,31,14],[14,31,15,32],[21,17,22,16],[19,29,20,28],[29,21,30,20],[25,33,26,32]]"
295,3,1.2679,2*tau=2; 2*nu=2,17nh_0466454,328,17,-1,1,2,64,24.77809379,True,,,,1.0,1.0,False,"[(29, 9, 30, 8), (73, 22, 74, 23), (66, 28, 67, 27), (110, 23, 111, 24), (30, 37, 31, 38), (76, 96, 77, 95), (21, 72, 22, 73), (89, 33, 90, 32), (127, 12, 0, 13), (46, 14, 47, 13), (91, 14, 92, 15), (24, 109, 25, 110), (92, 106, 93, 105), (63, 108, 64, 109), (48, 31, 49, 32), (45, 106, 46, 107), (0, 108, 1, 107), (126, 34, 127, 33), (97, 115, 98, 114), (98, 59, 99, 60), (96, 78, 97, 77), (78, 102, 79, 101), (58, 99, 59, 100), (115, 101, 116, 100), (103, 117, 104, 116), (104, 57, 105, 58), (102, 80, 103, 79), (122, 25, 123, 26), (51, 29, 52, 28), (85, 26, 86, 27), (70, 83, 71, 84), (69, 55, 70, 54), (71, 120, 72, 121), (112, 43, 113, 44), (61, 45, 62, 44), (90, 47, 91, 48), (75, 42, 76, 43), (5, 119, 6, 118), (6, 55, 7, 56), (4, 82, 5, 81), (74, 4, 75, 3), (82, 120, 83, 119), (62, 1, 63, 2), (111, 3, 112, 2), (41, 80, 42, 81), (39, 57, 40, 56), (40, 117, 41, 118), (60, 93, 61, 94), (113, 95, 114, 94), (34, 126, 35, 125), (36, 49, 37, 50), (35, 89, 36, 88), (123, 64, 124, 65), (52, 68, 53, 67), (86, 65, 87, 66), (17, 69, 18, 68), (10, 87, 11, 88), (9, 51, 10, 50), (11, 124, 12, 125), (84, 20, 85, 19), (53, 18, 54, 19), (121, 21, 122, 20), (15, 39, 16, 38), (16, 7, 17, 8)]","[[10,2,11,1],[23,2,24,3],[3,24,4,25],[33,4,34,5],[5,27,6,26],[27,7,28,6],[7,18,8,19],[17,8,18,9],[34,10,1,9],[11,23,12,22],[12,15,13,16],[30,13,31,14],[14,31,15,32],[21,17,22,16],[19,29,20,28],[29,21,30,20],[25,33,26,32]]"
2521,-3,1.2679,2*tau=2; 2*nu=2,17nh_0920835,390,17,-1,-1,-2,78,25.9628786595558,True,,,,1.0,1.0,False,"[(17, 70, 18, 71), (146, 72, 147, 71), (53, 68, 54, 69), (139, 25, 140, 24), (66, 142, 67, 141), (67, 22, 68, 23), (15, 149, 16, 148), (52, 150, 53, 149), (87, 10, 88, 11), (131, 9, 132, 8), (152, 10, 153, 9), (34, 7, 35, 8), (29, 82, 30, 83), (51, 14, 52, 15), (13, 36, 14, 37), (12, 130, 13, 129), (11, 88, 12, 89), (65, 76, 66, 77), (73, 64, 74, 65), (19, 60, 20, 61), (144, 62, 145, 61), (106, 63, 107, 64), (145, 108, 146, 109), (18, 110, 19, 109), (72, 106, 73, 105), (80, 123, 81, 124), (78, 42, 79, 41), (81, 95, 82, 94), (27, 124, 28, 125), (25, 43, 26, 42), (28, 94, 29, 93), (118, 134, 119, 133), (45, 132, 46, 133), (99, 134, 100, 135), (151, 130, 152, 131), (30, 136, 31, 135), (136, 95, 137, 96), (138, 43, 139, 44), (137, 123, 138, 122), (79, 26, 80, 27), (150, 36, 151, 35), (97, 33, 98, 32), (44, 34, 45, 33), (120, 31, 121, 32), (153, 87, 154, 86), (100, 84, 101, 83), (46, 86, 47, 85), (117, 84, 118, 85), (96, 122, 97, 121), (91, 116, 92, 117), (90, 48, 91, 47), (92, 102, 93, 101), (113, 3, 114, 2), (50, 1, 51, 2), (104, 3, 105, 4), (89, 155, 90, 154), (128, 155, 129, 0), (125, 102, 126, 103), (127, 48, 128, 49), (126, 116, 127, 115), (37, 1, 38, 0), (39, 114, 40, 115), (38, 50, 39, 49), (40, 104, 41, 103), (5, 141, 6, 140), (6, 23, 7, 24), (4, 77, 5, 78), (62, 107, 63, 108), (58, 144, 59, 143), (59, 20, 60, 21), (57, 74, 58, 75), (75, 56, 76, 57), (21, 54, 22, 55), (142, 56, 143, 55), (119, 99, 120, 98), (112, 147, 113, 148), (111, 17, 112, 16), (110, 70, 111, 69)]","[[14, 2, 15, 1], [29, 2, 30, 3], [3, 30, 4, 31], [4, 14, 5, 13], [34, 5, 1, 6], [23, 6, 24, 7], [7, 22, 8, 23], [8, 33, 9, 34], [32, 9, 33, 10], [10, 27, 11, 28], [28, 11, 29, 12], [12, 31, 13, 32], [15, 21, 16, 20], [19, 17, 20, 16], [17, 25, 18, 24], [25, 19, 26, 18], [21, 27, 22, 26]]"
2522,-2,0.5858,2*tau=2; 2*nu=2,17nh_0920835,390,17,-1,-1,-2,72,25.927355532539217,True,,,,1.0,1.0,False,"[(37, 75, 38, 74), (40, 115, 41, 116), (38, 26, 39, 25), (48, 63, 49, 64), (46, 128, 47, 127), (47, 14, 48, 15), (62, 49, 63, 50), (128, 52, 129, 51), (92, 131, 93, 132), (91, 11, 92, 10), (60, 100, 61, 99), (59, 42, 60, 43), (71, 137, 72, 136), (22, 136, 23, 135), (118, 133, 119, 134), (13, 50, 14, 51), (70, 36, 71, 35), (20, 34, 21, 33), (121, 32, 122, 33), (137, 36, 138, 37), (141, 114, 142, 115), (140, 28, 141, 27), (138, 76, 139, 75), (39, 88, 40, 89), (139, 86, 140, 87), (68, 84, 69, 83), (19, 83, 20, 82), (122, 81, 123, 82), (120, 110, 121, 109), (21, 108, 22, 109), (69, 106, 70, 107), (142, 102, 143, 101), (117, 9, 118, 8), (24, 7, 25, 8), (73, 6, 74, 7), (107, 35, 108, 34), (104, 86, 105, 85), (112, 65, 113, 66), (111, 16, 112, 17), (110, 126, 111, 125), (132, 46, 133, 45), (9, 44, 10, 45), (105, 76, 106, 77), (103, 28, 104, 29), (102, 114, 103, 113), (11, 99, 12, 98), (130, 97, 131, 98), (80, 123, 81, 124), (79, 19, 80, 18), (78, 68, 79, 67), (126, 2, 127, 1), (15, 0, 16, 1), (64, 143, 65, 0), (31, 124, 32, 125), (30, 18, 31, 17), (29, 67, 30, 66), (100, 58, 101, 57), (41, 58, 42, 59), (5, 72, 6, 73), (4, 23, 5, 24), (2, 120, 3, 119), (3, 135, 4, 134), (95, 52, 96, 53), (93, 97, 94, 96), (90, 43, 91, 44), (89, 116, 90, 117), (87, 27, 88, 26), (84, 78, 85, 77), (56, 61, 57, 62), (53, 94, 54, 95), (55, 12, 56, 13), (54, 130, 55, 129)]","[[14, 2, 15, 1], [29, 2, 30, 3], [3, 30, 4, 31], [4, 14, 5, 13], [34, 5, 1, 6], [23, 6, 24, 7], [7, 22, 8, 23], [8, 33, 9, 34], [32, 9, 33, 10], [10, 27, 11, 28], [28, 11, 29, 12], [12, 31, 13, 32], [15, 21, 16, 20], [19, 17, 20, 16], [17, 25, 18, 24], [25, 19, 26, 18], [21, 27, 22, 26]]"
2649,-3,1.2679,2*tau=2; 2*nu=2,18nh_00004122,725,18,-1,-1,-2,44,16.41772531687694,True,,,,1.0,1.0,False,"[(8, 37, 9, 38), (45, 6, 46, 7), (50, 10, 51, 9), (7, 66, 8, 67), (73, 12, 74, 13), (78, 4, 79, 3), (10, 84, 11, 83), (32, 13, 33, 14), (0, 12, 1, 11), (42, 20, 43, 19), (81, 22, 82, 23), (25, 69, 26, 68), (70, 22, 71, 21), (35, 47, 36, 46), (36, 65, 37, 66), (34, 75, 35, 76), (31, 2, 32, 3), (51, 39, 52, 38), (69, 40, 70, 41), (85, 48, 86, 49), (52, 68, 53, 67), (49, 84, 50, 85), (86, 64, 87, 63), (71, 81, 72, 80), (1, 73, 2, 72), (24, 40, 25, 39), (23, 82, 24, 83), (17, 5, 18, 4), (20, 29, 21, 30), (79, 30, 80, 31), (41, 29, 42, 28), (53, 26, 54, 27), (60, 33, 61, 34), (62, 0, 63, 87), (64, 48, 65, 47), (61, 74, 62, 75), (59, 14, 60, 15), (76, 57, 77, 58), (44, 56, 45, 55), (5, 57, 6, 56), (27, 54, 28, 55), (15, 58, 16, 59), (18, 44, 19, 43), (16, 77, 17, 78)]","[[30, 2, 31, 1], [2, 30, 3, 29], [28, 4, 29, 3], [9, 4, 10, 5], [5, 8, 6, 9], [33, 7, 34, 6], [7, 33, 8, 32], [27, 10, 28, 11], [11, 26, 12, 27], [25, 12, 26, 13], [13, 24, 14, 25], [23, 14, 24, 15], [15, 22, 16, 23], [21, 16, 22, 17], [17, 20, 18, 21], [35, 18, 36, 19], [19, 36, 20, 1], [31, 34, 32, 35]]"
2650,-1,0.0000,2*tau=2; 2*nu=2,18nh_00004122,725,18,-1,-1,-2,50,16.844393270087743,True,,,,1.0,1.0,False,"[(39, 27, 40, 26), (15, 44, 16, 45), (23, 54, 24, 55), (58, 19, 59, 20), (73, 29, 74, 28), (81, 20, 82, 21), (16, 98, 17, 97), (37, 50, 38, 51), (38, 85, 39, 86), (40, 2, 41, 1), (61, 43, 62, 42), (69, 48, 70, 49), (80, 58, 81, 57), (62, 99, 63, 0), (71, 84, 72, 85), (32, 42, 33, 41), (33, 0, 34, 1), (12, 65, 13, 66), (9, 68, 10, 69), (67, 10, 68, 11), (86, 35, 87, 36), (51, 36, 52, 37), (25, 35, 26, 34), (70, 7, 71, 8), (22, 13, 23, 14), (55, 15, 56, 14), (88, 12, 89, 11), (74, 3, 75, 4), (52, 87, 53, 88), (45, 57, 46, 56), (46, 21, 47, 22), (5, 72, 6, 73), (89, 66, 90, 67), (53, 64, 54, 65), (24, 64, 25, 63), (98, 44, 99, 43), (96, 18, 97, 17), (95, 60, 96, 61), (92, 78, 93, 77), (94, 31, 95, 32), (30, 93, 31, 94), (82, 92, 83, 91), (47, 91, 48, 90), (8, 50, 9, 49), (6, 84, 7, 83), (4, 27, 5, 28), (18, 79, 19, 80), (59, 79, 60, 78), (29, 77, 30, 76), (2, 75, 3, 76)]","[[30, 2, 31, 1], [2, 30, 3, 29], [28, 4, 29, 3], [9, 4, 10, 5], [5, 8, 6, 9], [33, 7, 34, 6], [7, 33, 8, 32], [27, 10, 28, 11], [11, 26, 12, 27], [25, 12, 26, 13], [13, 24, 14, 25], [23, 14, 24, 15], [15, 22, 16, 23], [21, 16, 22, 17], [17, 20, 18, 21], [35, 18, 36, 19], [19, 36, 20, 1], [31, 34, 32, 35]]"
558,1,0.0000,2*tau=2; 2*nu=2,18nh_00061316,757,18,-1,1,2,80,20.95745215,True,,,,1.0,1.0,False,"[(38, 128, 39, 127), (63, 114, 64, 115), (26, 114, 27, 113), (37, 79, 38, 78), (73, 17, 74, 16), (39, 10, 40, 11), (7, 151, 8, 150), (64, 26, 65, 25), (62, 84, 63, 83), (27, 84, 28, 85), (111, 87, 112, 86), (137, 67, 138, 66), (0, 117, 1, 118), (139, 117, 140, 116), (82, 149, 83, 150), (1, 68, 2, 69), (2, 22, 3, 21), (125, 48, 126, 49), (123, 15, 124, 14), (128, 79, 129, 80), (57, 33, 58, 32), (12, 50, 13, 49), (90, 159, 91, 0), (115, 6, 116, 7), (24, 6, 25, 5), (65, 4, 66, 5), (22, 68, 23, 67), (156, 93, 157, 94), (71, 93, 72, 92), (19, 94, 20, 95), (120, 92, 121, 91), (134, 86, 135, 85), (18, 156, 19, 155), (119, 158, 120, 159), (70, 157, 71, 158), (98, 13, 99, 14), (97, 125, 98, 124), (96, 76, 97, 75), (95, 145, 96, 144), (122, 142, 123, 141), (15, 142, 16, 143), (153, 72, 154, 73), (152, 121, 153, 122), (154, 18, 155, 17), (151, 140, 152, 141), (89, 119, 90, 118), (88, 70, 89, 69), (147, 61, 148, 60), (45, 54, 46, 55), (136, 3, 137, 4), (131, 148, 132, 149), (145, 111, 146, 110), (46, 105, 47, 106), (44, 36, 45, 35), (146, 29, 147, 30), (129, 103, 130, 102), (80, 102, 81, 101), (33, 107, 34, 106), (87, 20, 88, 21), (138, 23, 139, 24), (56, 107, 57, 108), (51, 126, 52, 127), (52, 77, 53, 78), (50, 12, 51, 11), (61, 133, 62, 132), (28, 133, 29, 134), (112, 136, 113, 135), (104, 53, 105, 54), (103, 37, 104, 36), (130, 44, 131, 43), (81, 43, 82, 42), (99, 40, 100, 41), (8, 41, 9, 42), (108, 32, 109, 31), (109, 58, 110, 59), (34, 56, 35, 55), (9, 100, 10, 101), (30, 60, 31, 59), (74, 144, 75, 143), (76, 47, 77, 48)]","[[28,2,29,1],[2,16,3,15],[3,6,4,7],[25,4,26,5],[5,26,6,27],[20,8,21,7],[8,24,9,23],[9,31,10,30],[31,11,32,10],[11,33,12,32],[29,13,30,12],[13,22,14,23],[21,14,22,15],[16,28,17,27],[17,34,18,35],[35,18,36,19],[24,20,25,19],[33,36,34,1]]"
560,2,0.5858,2*tau=2; 2*nu=2,18nh_00061316,757,18,-1,1,2,70,20.77093469,True,,,,1.0,1.0,False,"[(17, 82, 18, 83), (10, 70, 11, 69), (119, 20, 120, 21), (28, 39, 29, 40), (56, 24, 57, 23), (27, 126, 28, 127), (51, 39, 52, 38), (129, 42, 130, 43), (43, 107, 44, 106), (115, 63, 116, 62), (52, 126, 53, 125), (61, 85, 62, 84), (88, 107, 89, 108), (131, 109, 132, 108), (97, 139, 98, 138), (99, 86, 100, 87), (98, 114, 99, 113), (95, 17, 96, 16), (96, 63, 97, 64), (46, 133, 47, 134), (0, 85, 1, 86), (139, 115, 0, 114), (136, 16, 137, 15), (137, 64, 138, 65), (11, 30, 12, 31), (68, 32, 69, 31), (66, 47, 67, 48), (13, 49, 14, 48), (49, 94, 50, 95), (29, 93, 30, 92), (130, 90, 131, 89), (44, 88, 45, 87), (116, 83, 117, 84), (112, 46, 113, 45), (111, 133, 112, 132), (109, 32, 110, 33), (90, 9, 91, 10), (128, 8, 129, 7), (41, 9, 42, 8), (58, 1, 59, 2), (21, 3, 22, 2), (120, 4, 121, 3), (40, 71, 41, 72), (127, 72, 128, 73), (91, 71, 92, 70), (73, 26, 74, 27), (74, 54, 75, 53), (75, 124, 76, 125), (65, 134, 66, 135), (14, 136, 15, 135), (79, 61, 80, 60), (81, 18, 82, 19), (80, 117, 81, 118), (118, 77, 119, 78), (59, 79, 60, 78), (19, 76, 20, 77), (36, 93, 37, 94), (34, 68, 35, 67), (35, 12, 36, 13), (37, 51, 38, 50), (33, 110, 34, 111), (4, 124, 5, 123), (5, 54, 6, 55), (6, 26, 7, 25), (103, 123, 104, 122), (104, 55, 105, 56), (105, 25, 106, 24), (22, 102, 23, 101), (121, 103, 122, 102), (57, 100, 58, 101)]","[[28,2,29,1],[2,16,3,15],[3,6,4,7],[25,4,26,5],[5,26,6,27],[20,8,21,7],[8,24,9,23],[9,31,10,30],[31,11,32,10],[11,33,12,32],[29,13,30,12],[13,22,14,23],[21,14,22,15],[16,28,17,27],[17,34,18,35],[35,18,36,19],[24,20,25,19],[33,36,34,1]]"
561,2,0.5858,2*tau=2; 2*nu=2,18nh_00061316,757,18,-1,1,2,76,20.77093469,True,,,,1.0,1.0,False,"[(124, 31, 125, 32), (125, 105, 126, 104), (126, 139, 127, 140), (66, 118, 67, 117), (63, 20, 64, 21), (79, 56, 80, 57), (33, 73, 34, 72), (36, 61, 37, 62), (35, 13, 36, 12), (99, 145, 100, 144), (110, 26, 111, 25), (100, 15, 101, 16), (98, 60, 99, 59), (101, 76, 102, 77), (29, 51, 30, 50), (137, 53, 138, 52), (106, 51, 107, 52), (142, 78, 143, 77), (145, 60, 146, 61), (143, 17, 144, 16), (73, 122, 74, 123), (148, 96, 149, 95), (40, 94, 41, 93), (18, 97, 19, 98), (115, 95, 116, 94), (65, 97, 66, 96), (131, 92, 132, 93), (89, 47, 90, 46), (130, 42, 131, 41), (62, 37, 63, 38), (113, 38, 114, 39), (22, 40, 23, 39), (58, 18, 59, 17), (55, 68, 56, 69), (53, 129, 54, 128), (42, 151, 43, 0), (129, 151, 130, 150), (64, 147, 65, 148), (116, 149, 117, 150), (19, 147, 20, 146), (82, 127, 83, 128), (80, 68, 81, 67), (75, 14, 76, 15), (105, 85, 106, 84), (138, 83, 139, 84), (30, 85, 31, 86), (54, 81, 55, 82), (0, 43, 1, 44), (13, 74, 14, 75), (34, 123, 35, 124), (141, 120, 142, 121), (102, 122, 103, 121), (57, 118, 58, 119), (78, 120, 79, 119), (44, 134, 45, 133), (91, 132, 92, 133), (1, 135, 2, 134), (45, 25, 46, 24), (90, 23, 91, 24), (3, 27, 4, 26), (2, 109, 3, 110), (21, 115, 22, 114), (87, 113, 88, 112), (48, 111, 49, 112), (47, 89, 48, 88), (71, 33, 72, 32), (69, 141, 70, 140), (70, 103, 71, 104), (135, 7, 136, 6), (27, 5, 28, 4), (108, 5, 109, 6), (7, 137, 8, 136), (9, 29, 10, 28), (8, 107, 9, 108), (10, 50, 11, 49), (11, 86, 12, 87)]","[[28,2,29,1],[2,16,3,15],[3,6,4,7],[25,4,26,5],[5,26,6,27],[20,8,21,7],[8,24,9,23],[9,31,10,30],[31,11,32,10],[11,33,12,32],[29,13,30,12],[13,22,14,23],[21,14,22,15],[16,28,17,27],[17,34,18,35],[35,18,36,19],[24,20,25,19],[33,36,34,1]]"
562,3,1.2679,2*tau=2; 2*nu=2,18nh_00061316,757,18,-1,1,2,78,20.57608738,True,,,,1.0,1.0,False,"[(124, 144, 125, 143), (78, 142, 79, 141), (49, 140, 50, 141), (113, 137, 114, 136), (17, 135, 18, 134), (154, 135, 155, 136), (100, 128, 101, 127), (27, 128, 28, 129), (129, 11, 130, 10), (119, 95, 120, 94), (123, 81, 124, 80), (126, 47, 127, 48), (118, 33, 119, 34), (112, 92, 113, 91), (111, 36, 112, 37), (99, 83, 100, 82), (98, 45, 99, 46), (74, 96, 75, 95), (52, 97, 53, 98), (16, 90, 17, 89), (155, 90, 0, 91), (51, 76, 52, 77), (28, 83, 29, 84), (73, 32, 74, 33), (53, 31, 54, 30), (29, 45, 30, 44), (15, 38, 16, 39), (0, 38, 1, 37), (68, 154, 69, 153), (105, 148, 106, 149), (22, 150, 23, 149), (133, 66, 134, 67), (7, 150, 8, 151), (102, 26, 103, 25), (42, 13, 43, 14), (39, 65, 40, 64), (43, 110, 44, 111), (9, 106, 10, 107), (130, 108, 131, 107), (24, 104, 25, 103), (88, 65, 89, 66), (85, 13, 86, 12), (84, 110, 85, 109), (81, 46, 82, 47), (104, 24, 105, 23), (1, 15, 2, 14), (8, 22, 9, 21), (67, 18, 68, 19), (108, 11, 109, 12), (146, 101, 147, 102), (147, 27, 148, 26), (144, 126, 145, 125), (145, 48, 146, 49), (142, 80, 143, 79), (35, 72, 36, 73), (92, 72, 93, 71), (138, 70, 139, 69), (115, 71, 116, 70), (63, 41, 64, 40), (62, 87, 63, 88), (61, 132, 62, 133), (59, 152, 60, 153), (60, 20, 61, 19), (20, 6, 21, 5), (151, 6, 152, 7), (131, 4, 132, 5), (86, 3, 87, 4), (41, 3, 42, 2), (50, 121, 51, 122), (34, 117, 35, 118), (93, 117, 94, 116), (137, 115, 138, 114), (77, 123, 78, 122), (75, 56, 76, 57), (120, 57, 121, 58), (139, 58, 140, 59), (96, 55, 97, 56), (31, 55, 32, 54)]","[[28,2,29,1],[2,16,3,15],[3,6,4,7],[25,4,26,5],[5,26,6,27],[20,8,21,7],[8,24,9,23],[9,31,10,30],[31,11,32,10],[11,33,12,32],[29,13,30,12],[13,22,14,23],[21,14,22,15],[16,28,17,27],[17,34,18,35],[35,18,36,19],[24,20,25,19],[33,36,34,1]]"
573,1,0.0000,2*tau=2; 2*nu=2,18nh_00067017,763,18,-1,1,2,65,20.88202298,True,,,,1.0,1.0,False,"[(43, 57, 44, 56), (14, 56, 15, 55), (70, 112, 71, 111), (108, 74, 109, 73), (93, 125, 94, 124), (12, 127, 13, 128), (42, 125, 43, 126), (44, 28, 45, 27), (58, 89, 59, 90), (123, 89, 124, 88), (29, 90, 30, 91), (78, 104, 79, 103), (116, 105, 117, 106), (65, 105, 66, 104), (128, 96, 129, 95), (64, 77, 65, 78), (117, 77, 118, 76), (102, 80, 103, 79), (92, 57, 93, 58), (107, 63, 108, 62), (106, 119, 107, 120), (114, 68, 115, 67), (91, 28, 92, 29), (94, 12, 95, 11), (54, 25, 55, 26), (109, 35, 110, 34), (22, 97, 23, 98), (100, 113, 101, 114), (81, 113, 82, 112), (35, 111, 36, 110), (66, 116, 67, 115), (72, 33, 73, 34), (75, 119, 76, 118), (74, 63, 75, 64), (49, 61, 50, 60), (48, 121, 49, 122), (50, 32, 51, 31), (32, 18, 33, 17), (51, 17, 52, 16), (120, 19, 121, 20), (61, 19, 62, 18), (87, 10, 88, 11), (85, 97, 86, 96), (30, 46, 31, 45), (122, 47, 123, 48), (13, 41, 14, 40), (59, 47, 60, 46), (36, 71, 37, 72), (80, 69, 81, 70), (101, 69, 102, 68), (129, 86, 0, 87), (126, 41, 127, 42), (24, 40, 25, 39), (23, 85, 24, 84), (15, 27, 16, 26), (8, 100, 9, 99), (9, 20, 10, 21), (7, 82, 8, 83), (6, 37, 7, 38), (5, 52, 6, 53), (53, 4, 54, 5), (38, 3, 39, 4), (83, 2, 84, 3), (21, 0, 22, 1), (98, 2, 99, 1)]","[[12,2,13,1],[2,12,3,11],[10,4,11,3],[27,4,28,5],[5,24,6,25],[23,6,24,7],[30,8,31,7],[8,30,9,29],[28,10,29,9],[13,16,14,17],[25,14,26,15],[15,26,16,27],[36,18,1,17],[18,36,19,35],[34,20,35,19],[20,32,21,31],[32,22,33,21],[22,34,23,33]]"
574,3,1.2679,2*tau=2; 2*nu=2,18nh_00067017,763,18,-1,1,2,76,20.943452,True,,,,1.0,1.0,False,"[(39, 5, 40, 4), (88, 9, 89, 10), (127, 6, 128, 7), (8, 42, 9, 41), (10, 85, 11, 86), (7, 124, 8, 125), (62, 12, 63, 11), (5, 71, 6, 70), (21, 32, 22, 33), (24, 134, 25, 133), (36, 27, 37, 28), (92, 26, 93, 25), (129, 27, 130, 26), (23, 143, 24, 142), (135, 31, 136, 30), (67, 40, 68, 41), (38, 71, 39, 72), (46, 81, 47, 82), (90, 43, 91, 44), (35, 94, 36, 95), (34, 140, 35, 139), (63, 2, 64, 3), (65, 87, 66, 86), (68, 126, 69, 125), (87, 67, 88, 66), (126, 70, 127, 69), (83, 121, 84, 120), (121, 85, 122, 84), (89, 123, 90, 122), (130, 94, 131, 93), (95, 138, 96, 139), (131, 140, 132, 141), (115, 50, 116, 51), (79, 48, 80, 49), (104, 47, 105, 48), (106, 118, 107, 117), (73, 129, 74, 128), (72, 37, 73, 38), (74, 92, 75, 91), (105, 81, 106, 80), (61, 82, 62, 83), (60, 119, 61, 120), (59, 45, 60, 44), (17, 101, 18, 100), (28, 148, 29, 147), (29, 99, 30, 98), (31, 20, 32, 21), (52, 14, 53, 13), (53, 0, 54, 1), (49, 78, 50, 79), (54, 111, 55, 112), (51, 102, 52, 103), (134, 20, 135, 19), (136, 97, 137, 98), (137, 146, 138, 147), (114, 104, 115, 103), (116, 78, 117, 77), (112, 2, 113, 1), (113, 12, 114, 13), (99, 56, 100, 57), (75, 58, 76, 59), (148, 55, 149, 56), (18, 58, 19, 57), (143, 23, 144, 22), (145, 96, 146, 97), (15, 110, 16, 111), (150, 110, 151, 109), (76, 108, 77, 107), (101, 109, 102, 108), (16, 150, 17, 149), (151, 15, 0, 14), (3, 64, 4, 65), (45, 118, 46, 119), (144, 34, 145, 33), (141, 132, 142, 133), (123, 42, 124, 43)]","[[12,2,13,1],[2,12,3,11],[10,4,11,3],[27,4,28,5],[5,24,6,25],[23,6,24,7],[30,8,31,7],[8,30,9,29],[28,10,29,9],[13,16,14,17],[25,14,26,15],[15,26,16,27],[36,18,1,17],[18,36,19,35],[34,20,35,19],[20,32,21,31],[32,22,33,21],[22,34,23,33]]"
705,1,0.0000,2*tau=2; 2*nu=2,18nh_00182176,820,18,-1,1,2,42,20.4482583,True,,,,1.0,1.0,False,"[(32, 70, 33, 69), (28, 15, 29, 16), (13, 30, 14, 31), (14, 44, 15, 43), (67, 16, 68, 17), (11, 70, 12, 71), (78, 6, 79, 5), (81, 77, 82, 76), (1, 37, 2, 36), (29, 44, 30, 45), (19, 66, 20, 67), (52, 75, 53, 76), (50, 0, 51, 83), (48, 35, 49, 36), (39, 5, 40, 4), (31, 12, 32, 13), (68, 45, 69, 46), (71, 10, 72, 11), (18, 48, 19, 47), (64, 38, 65, 37), (63, 82, 64, 83), (61, 75, 62, 74), (25, 39, 26, 38), (22, 79, 23, 80), (24, 78, 25, 77), (20, 27, 21, 28), (73, 61, 74, 60), (34, 60, 35, 59), (8, 53, 9, 54), (41, 54, 42, 55), (2, 65, 3, 66), (0, 50, 1, 49), (3, 26, 4, 27), (40, 22, 41, 21), (6, 24, 7, 23), (51, 62, 52, 63), (56, 9, 57, 10), (46, 18, 47, 17), (7, 81, 8, 80), (58, 34, 59, 33), (57, 73, 58, 72), (55, 42, 56, 43)]","[[12,2,13,1],[17,2,18,3],[3,18,4,19],[29,5,30,4],[5,33,6,32],[23,6,24,7],[7,15,8,14],[15,9,16,8],[36,10,1,9],[10,27,11,28],[28,11,29,12],[13,17,14,16],[22,20,23,19],[20,31,21,32],[30,21,31,22],[35,25,36,24],[25,35,26,34],[33,27,34,26]]"
706,1,0.0000,2*tau=2; 2*nu=2,18nh_00182176,820,18,-1,1,2,68,21.2004936,True,,,,1.0,1.0,False,"[(116, 96, 117, 95), (70, 119, 71, 120), (51, 122, 52, 123), (19, 121, 20, 120), (132, 117, 133, 118), (84, 107, 85, 108), (111, 82, 112, 83), (65, 111, 66, 110), (41, 107, 42, 106), (26, 109, 27, 110), (113, 7, 114, 6), (57, 96, 58, 97), (34, 98, 35, 97), (131, 95, 132, 94), (74, 92, 75, 91), (13, 88, 14, 89), (86, 40, 87, 39), (92, 134, 93, 133), (83, 67, 84, 66), (85, 24, 86, 25), (59, 79, 60, 78), (32, 77, 33, 78), (7, 81, 8, 80), (76, 35, 77, 36), (73, 17, 74, 16), (71, 134, 72, 135), (17, 73, 18, 72), (75, 57, 76, 56), (42, 67, 43, 68), (28, 64, 29, 63), (61, 8, 62, 9), (15, 54, 16, 55), (0, 54, 1, 53), (10, 38, 11, 37), (30, 10, 31, 9), (18, 0, 19, 135), (21, 104, 22, 105), (4, 106, 5, 105), (3, 23, 4, 22), (11, 48, 12, 49), (29, 47, 30, 46), (62, 45, 63, 46), (112, 44, 113, 43), (52, 2, 53, 1), (47, 39, 48, 38), (50, 87, 51, 88), (49, 12, 50, 13), (44, 82, 45, 81), (40, 24, 41, 23), (64, 28, 65, 27), (108, 25, 109, 26), (128, 79, 129, 80), (123, 15, 124, 14), (124, 90, 125, 89), (125, 36, 126, 37), (121, 2, 122, 3), (114, 129, 115, 130), (60, 128, 61, 127), (31, 126, 32, 127), (103, 20, 104, 21), (100, 116, 101, 115), (99, 58, 100, 59), (98, 34, 99, 33), (101, 131, 102, 130), (102, 70, 103, 69), (5, 68, 6, 69), (90, 55, 91, 56), (93, 119, 94, 118)]","[[12,2,13,1],[17,2,18,3],[3,18,4,19],[29,5,30,4],[5,33,6,32],[23,6,24,7],[7,15,8,14],[15,9,16,8],[36,10,1,9],[10,27,11,28],[28,11,29,12],[13,17,14,16],[22,20,23,19],[20,31,21,32],[30,21,31,22],[35,25,36,24],[25,35,26,34],[33,27,34,26]]"
707,1,0.0000,2*tau=2; 2*nu=2,18nh_00182176,820,18,-1,1,2,74,21.49714396,True,,,,1.0,1.0,False,"[(19, 36, 20, 37), (20, 87, 21, 88), (21, 3, 22, 2), (60, 25, 61, 26), (97, 26, 98, 27), (140, 28, 141, 27), (32, 48, 33, 47), (33, 85, 34, 84), (30, 7, 31, 8), (107, 45, 108, 44), (131, 46, 132, 47), (8, 46, 9, 45), (85, 48, 86, 49), (70, 50, 71, 49), (76, 58, 77, 57), (124, 60, 125, 59), (12, 55, 13, 56), (77, 113, 78, 112), (130, 83, 131, 84), (10, 82, 11, 81), (89, 1, 90, 0), (104, 5, 105, 6), (123, 115, 124, 114), (6, 105, 7, 106), (134, 4, 135, 3), (43, 29, 44, 28), (39, 22, 40, 23), (29, 106, 30, 107), (42, 104, 43, 103), (137, 103, 138, 102), (147, 74, 0, 75), (146, 16, 147, 15), (40, 135, 41, 136), (31, 133, 32, 132), (110, 126, 111, 125), (113, 58, 114, 59), (111, 79, 112, 78), (98, 61, 99, 62), (35, 72, 36, 73), (136, 66, 137, 65), (41, 67, 42, 66), (91, 14, 92, 15), (90, 76, 91, 75), (11, 129, 12, 128), (80, 127, 81, 128), (64, 122, 65, 121), (138, 119, 139, 120), (101, 121, 102, 120), (17, 52, 18, 53), (18, 73, 19, 74), (88, 38, 89, 37), (1, 38, 2, 39), (69, 87, 70, 86), (67, 4, 68, 5), (68, 134, 69, 133), (63, 100, 64, 101), (24, 116, 25, 115), (23, 122, 24, 123), (129, 144, 130, 145), (82, 143, 83, 144), (108, 142, 109, 141), (9, 143, 10, 142), (54, 146, 55, 145), (53, 16, 54, 17), (50, 72, 51, 71), (51, 35, 52, 34), (13, 92, 14, 93), (109, 96, 110, 97), (79, 95, 80, 94), (126, 96, 127, 95), (56, 93, 57, 94), (116, 100, 117, 99), (118, 139, 119, 140), (117, 63, 118, 62)]","[[12,2,13,1],[17,2,18,3],[3,18,4,19],[29,5,30,4],[5,33,6,32],[23,6,24,7],[7,15,8,14],[15,9,16,8],[36,10,1,9],[10,27,11,28],[28,11,29,12],[13,17,14,16],[22,20,23,19],[20,31,21,32],[30,21,31,22],[35,25,36,24],[25,35,26,34],[33,27,34,26]]"
708,1,0.0000,2*tau=2; 2*nu=2,18nh_00182176,820,18,-1,1,2,71,21.84080156,True,,,,1.0,1.0,False,"[(126, 18, 127, 17), (95, 23, 96, 22), (23, 97, 24, 96), (130, 31, 131, 32), (85, 132, 86, 133), (16, 128, 17, 127), (9, 56, 10, 57), (13, 112, 14, 113), (89, 107, 90, 106), (35, 109, 36, 108), (34, 58, 35, 57), (33, 11, 34, 10), (32, 131, 33, 132), (24, 1, 25, 2), (88, 54, 89, 53), (52, 92, 53, 91), (109, 29, 110, 28), (114, 130, 115, 129), (113, 14, 114, 15), (110, 59, 111, 60), (79, 98, 80, 99), (80, 0, 81, 141), (78, 45, 79, 46), (25, 45, 26, 44), (99, 76, 100, 77), (111, 12, 112, 13), (55, 8, 56, 9), (86, 8, 87, 7), (133, 7, 134, 6), (105, 91, 106, 90), (58, 30, 59, 29), (61, 129, 62, 128), (60, 15, 61, 16), (18, 63, 19, 64), (125, 63, 126, 62), (27, 65, 28, 64), (122, 104, 123, 103), (121, 51, 122, 50), (120, 137, 121, 138), (135, 92, 136, 93), (26, 123, 27, 124), (19, 125, 20, 124), (140, 76, 141, 75), (138, 70, 139, 69), (49, 70, 50, 71), (46, 77, 47, 78), (11, 31, 12, 30), (102, 71, 103, 72), (97, 0, 98, 1), (100, 48, 101, 47), (73, 48, 74, 49), (74, 140, 75, 139), (72, 101, 73, 102), (82, 117, 83, 118), (93, 119, 94, 118), (4, 115, 5, 116), (3, 20, 4, 21), (134, 39, 135, 40), (87, 38, 88, 39), (54, 38, 55, 37), (107, 37, 108, 36), (43, 2, 44, 3), (42, 22, 43, 21), (41, 117, 42, 116), (5, 85, 6, 84), (40, 83, 41, 84), (94, 81, 95, 82), (68, 120, 69, 119), (67, 137, 68, 136), (65, 104, 66, 105), (66, 51, 67, 52)]","[[12,2,13,1],[17,2,18,3],[3,18,4,19],[29,5,30,4],[5,33,6,32],[23,6,24,7],[7,15,8,14],[15,9,16,8],[36,10,1,9],[10,27,11,28],[28,11,29,12],[13,17,14,16],[22,20,23,19],[20,31,21,32],[30,21,31,22],[35,25,36,24],[25,35,26,34],[33,27,34,26]]"
709,1,0.0000,2*tau=2; 2*nu=2,18nh_00182176,820,18,-1,1,2,87,22.29898004,True,,,,1.0,1.0,False,"[(106, 83, 107, 84), (108, 48, 109, 47), (87, 43, 88, 42), (143, 57, 144, 56), (91, 14, 92, 15), (25, 173, 26, 172), (146, 111, 147, 112), (110, 151, 111, 152), (49, 150, 50, 151), (23, 83, 24, 82), (20, 150, 21, 149), (18, 51, 19, 52), (3, 47, 4, 46), (5, 152, 6, 153), (1, 84, 2, 85), (12, 169, 13, 170), (8, 32, 9, 31), (10, 99, 11, 100), (13, 73, 14, 72), (161, 75, 162, 74), (147, 50, 148, 51), (142, 96, 143, 95), (145, 34, 146, 35), (141, 165, 142, 164), (7, 62, 8, 63), (0, 106, 1, 105), (9, 139, 10, 138), (159, 168, 160, 169), (157, 29, 158, 28), (156, 101, 157, 102), (64, 136, 65, 135), (54, 114, 55, 113), (160, 118, 161, 117), (35, 112, 36, 113), (93, 115, 94, 114), (58, 165, 59, 166), (52, 38, 53, 37), (57, 96, 58, 97), (80, 129, 81, 130), (76, 115, 77, 116), (77, 93, 78, 92), (79, 38, 80, 39), (75, 163, 76, 162), (153, 124, 154, 125), (4, 126, 5, 125), (21, 128, 22, 129), (109, 127, 110, 126), (100, 29, 101, 30), (90, 72, 91, 71), (89, 170, 90, 171), (88, 28, 89, 27), (86, 103, 87, 104), (43, 103, 44, 102), (39, 24, 40, 25), (40, 0, 41, 173), (41, 68, 42, 69), (70, 171, 71, 172), (69, 27, 70, 26), (66, 86, 67, 85), (63, 155, 64, 154), (65, 44, 66, 45), (67, 104, 68, 105), (48, 128, 49, 127), (148, 20, 149, 19), (53, 16, 54, 17), (78, 16, 79, 15), (36, 18, 37, 17), (158, 11, 159, 12), (167, 141, 168, 140), (30, 137, 31, 138), (98, 140, 99, 139), (97, 60, 98, 61), (32, 62, 33, 61), (166, 59, 167, 60), (133, 3, 134, 2), (131, 22, 132, 23), (134, 46, 135, 45), (130, 81, 131, 82), (136, 155, 137, 156), (132, 108, 133, 107), (116, 73, 117, 74), (118, 164, 119, 163), (120, 56, 121, 55), (121, 144, 122, 145), (119, 95, 120, 94), (122, 33, 123, 34), (123, 7, 124, 6)]","[[12,2,13,1],[17,2,18,3],[3,18,4,19],[29,5,30,4],[5,33,6,32],[23,6,24,7],[7,15,8,14],[15,9,16,8],[36,10,1,9],[10,27,11,28],[28,11,29,12],[13,17,14,16],[22,20,23,19],[20,31,21,32],[30,21,31,22],[35,25,36,24],[25,35,26,34],[33,27,34,26]]"
710,2,0.5858,2*tau=2; 2*nu=2,18nh_00182176,820,18,-1,1,2,66,21.50660831,True,,,,1.0,1.0,False,"[(82, 0, 83, 131), (43, 8, 44, 9), (124, 12, 125, 11), (12, 92, 13, 91), (42, 30, 43, 29), (62, 27, 63, 28), (127, 28, 128, 29), (40, 75, 41, 76), (41, 129, 42, 128), (50, 81, 51, 82), (63, 77, 64, 76), (129, 75, 130, 74), (83, 116, 84, 117), (123, 92, 124, 93), (115, 1, 116, 0), (78, 98, 79, 97), (110, 100, 111, 99), (71, 119, 72, 118), (68, 15, 69, 16), (67, 89, 68, 88), (90, 110, 91, 109), (13, 108, 14, 109), (122, 108, 123, 107), (44, 105, 45, 106), (103, 121, 104, 120), (101, 14, 102, 15), (100, 90, 101, 89), (79, 65, 80, 64), (111, 67, 112, 66), (33, 71, 34, 70), (36, 87, 37, 88), (34, 18, 35, 17), (32, 119, 33, 120), (102, 58, 103, 57), (35, 54, 36, 55), (121, 58, 122, 59), (16, 56, 17, 55), (86, 53, 87, 54), (69, 57, 70, 56), (113, 38, 114, 39), (80, 39, 81, 40), (130, 50, 131, 49), (73, 48, 74, 49), (30, 48, 31, 47), (104, 45, 105, 46), (51, 114, 52, 115), (96, 78, 97, 77), (95, 26, 96, 27), (93, 11, 94, 10), (94, 125, 95, 126), (52, 22, 53, 21), (7, 46, 8, 47), (6, 32, 7, 31), (4, 118, 5, 117), (2, 19, 3, 20), (5, 72, 6, 73), (3, 85, 4, 84), (23, 113, 24, 112), (25, 98, 26, 99), (22, 38, 23, 37), (24, 65, 25, 66), (60, 10, 61, 9), (61, 126, 62, 127), (59, 107, 60, 106), (18, 85, 19, 86), (20, 1, 21, 2)]","[[12,2,13,1],[17,2,18,3],[3,18,4,19],[29,5,30,4],[5,33,6,32],[23,6,24,7],[7,15,8,14],[15,9,16,8],[36,10,1,9],[10,27,11,28],[28,11,29,12],[13,17,14,16],[22,20,23,19],[20,31,21,32],[30,21,31,22],[35,25,36,24],[25,35,26,34],[33,27,34,26]]"
711,3,1.2679,2*tau=2; 2*nu=2,18nh_00182176,820,18,-1,1,2,81,21.87424387,True,,,,1.0,1.0,False,"[(107, 19, 108, 18), (6, 20, 7, 19), (24, 62, 25, 61), (23, 78, 24, 79), (21, 140, 22, 141), (28, 85, 29, 86), (32, 120, 33, 119), (62, 78, 63, 77), (111, 83, 112, 82), (9, 85, 10, 84), (106, 121, 107, 122), (110, 11, 111, 12), (5, 120, 6, 121), (2, 37, 3, 38), (153, 73, 154, 72), (44, 71, 45, 72), (104, 125, 105, 126), (35, 125, 36, 124), (158, 131, 159, 132), (69, 46, 70, 47), (41, 100, 42, 101), (155, 97, 156, 96), (94, 45, 95, 46), (135, 49, 136, 48), (154, 43, 155, 44), (16, 49, 17, 50), (14, 90, 15, 89), (145, 91, 146, 90), (147, 50, 148, 51), (47, 150, 48, 151), (134, 149, 135, 150), (93, 153, 94, 152), (129, 160, 130, 161), (123, 35, 124, 34), (122, 105, 123, 106), (143, 117, 144, 116), (146, 16, 147, 15), (142, 64, 143, 63), (144, 75, 145, 76), (113, 56, 114, 57), (12, 57, 13, 58), (58, 13, 59, 14), (59, 114, 60, 115), (80, 56, 81, 55), (81, 113, 82, 112), (83, 11, 84, 10), (31, 20, 32, 21), (27, 55, 28, 54), (33, 5, 34, 4), (128, 99, 129, 100), (0, 102, 1, 101), (74, 66, 75, 65), (73, 138, 74, 139), (132, 157, 133, 158), (36, 3, 37, 4), (102, 2, 103, 1), (115, 77, 116, 76), (118, 140, 119, 139), (117, 64, 118, 65), (141, 22, 142, 23), (60, 26, 61, 25), (79, 26, 80, 27), (126, 40, 127, 39), (136, 91, 137, 92), (67, 93, 68, 92), (66, 138, 67, 137), (68, 152, 69, 151), (98, 160, 99, 159), (42, 161, 43, 0), (97, 130, 98, 131), (40, 128, 41, 127), (156, 133, 157, 134), (103, 38, 104, 39), (95, 71, 96, 70), (17, 149, 18, 148), (87, 9, 88, 8), (86, 29, 87, 30), (88, 110, 89, 109), (51, 108, 52, 109), (53, 31, 54, 30), (52, 7, 53, 8)]","[[12,2,13,1],[17,2,18,3],[3,18,4,19],[29,5,30,4],[5,33,6,32],[23,6,24,7],[7,15,8,14],[15,9,16,8],[36,10,1,9],[10,27,11,28],[28,11,29,12],[13,17,14,16],[22,20,23,19],[20,31,21,32],[30,21,31,22],[35,25,36,24],[25,35,26,34],[33,27,34,26]]"
726,1,0.0000,2*tau=2; 2*nu=2,18nh_00244364,834,18,-1,1,2,85,22.9980341,True,,,,1.0,1.0,False,"[(72, 162, 73, 161), (43, 67, 44, 66), (154, 80, 155, 79), (110, 98, 111, 97), (138, 164, 139, 163), (139, 119, 140, 118), (45, 145, 46, 144), (64, 141, 65, 142), (169, 141, 0, 140), (24, 147, 25, 148), (25, 62, 26, 63), (21, 49, 22, 48), (148, 63, 149, 64), (145, 47, 146, 46), (15, 165, 16, 164), (16, 120, 17, 119), (35, 107, 36, 106), (74, 107, 75, 108), (159, 109, 160, 108), (151, 28, 152, 29), (37, 162, 38, 163), (12, 71, 13, 72), (14, 40, 15, 39), (36, 10, 37, 9), (73, 10, 74, 11), (136, 14, 137, 13), (160, 12, 161, 11), (158, 53, 159, 54), (75, 55, 76, 54), (34, 55, 35, 56), (135, 70, 136, 71), (137, 39, 138, 38), (50, 111, 51, 112), (51, 98, 52, 99), (149, 1, 150, 0), (26, 2, 27, 1), (121, 40, 122, 41), (122, 70, 123, 69), (105, 8, 106, 9), (102, 34, 103, 33), (100, 158, 101, 157), (101, 76, 102, 77), (88, 144, 89, 143), (86, 47, 87, 48), (84, 62, 85, 61), (83, 2, 84, 3), (52, 134, 53, 133), (109, 134, 110, 135), (99, 133, 100, 132), (130, 78, 131, 77), (131, 156, 132, 157), (129, 32, 130, 33), (85, 23, 86, 22), (146, 23, 147, 24), (42, 20, 43, 19), (67, 20, 68, 21), (168, 18, 169, 17), (7, 104, 8, 105), (4, 28, 5, 27), (5, 151, 6, 150), (3, 82, 4, 83), (6, 117, 7, 118), (167, 92, 168, 93), (18, 92, 19, 91), (142, 90, 143, 89), (65, 91, 66, 90), (44, 87, 45, 88), (120, 165, 121, 166), (115, 31, 116, 30), (112, 156, 113, 155), (113, 78, 114, 79), (31, 128, 32, 129), (153, 126, 154, 127), (80, 126, 81, 125), (114, 128, 115, 127), (49, 124, 50, 125), (57, 117, 58, 116), (60, 82, 61, 81), (59, 152, 60, 153), (58, 29, 59, 30), (56, 104, 57, 103), (96, 123, 97, 124), (94, 41, 95, 42), (95, 69, 96, 68), (93, 166, 94, 167)]","[[26,2,27,1],[2,34,3,33],[3,6,4,7],[23,4,24,5],[5,24,6,25],[12,8,13,7],[8,22,9,21],[9,36,10,1],[35,10,36,11],[22,12,23,11],[13,32,14,33],[19,14,20,15],[15,31,16,30],[27,17,28,16],[17,29,18,28],[29,19,30,18],[31,20,32,21],[34,26,35,25]]"
727,2,0.5858,2*tau=2; 2*nu=2,18nh_00244364,834,18,-1,1,2,75,22.85993721,True,,,,1.0,1.0,False,"[(7, 89, 8, 88), (43, 146, 44, 147), (2, 94, 3, 93), (140, 37, 141, 38), (44, 100, 45, 99), (55, 87, 56, 86), (51, 112, 52, 113), (92, 112, 93, 111), (100, 79, 101, 80), (41, 77, 42, 76), (144, 78, 145, 77), (28, 0, 29, 149), (27, 49, 28, 48), (26, 95, 27, 96), (23, 70, 24, 71), (147, 64, 148, 65), (45, 62, 46, 63), (98, 64, 99, 63), (123, 40, 124, 41), (126, 102, 127, 101), (124, 143, 125, 144), (141, 120, 142, 121), (104, 120, 105, 119), (38, 121, 39, 122), (59, 116, 60, 117), (16, 140, 17, 139), (11, 108, 12, 109), (12, 34, 13, 33), (15, 67, 16, 66), (19, 78, 20, 79), (32, 10, 33, 9), (109, 10, 110, 11), (135, 9, 136, 8), (131, 149, 132, 148), (130, 48, 131, 47), (129, 96, 130, 97), (122, 75, 123, 76), (125, 21, 126, 20), (103, 22, 104, 23), (42, 18, 43, 17), (145, 19, 146, 18), (61, 129, 62, 128), (118, 70, 119, 69), (0, 49, 1, 50), (3, 110, 4, 111), (115, 95, 116, 94), (113, 50, 114, 51), (114, 1, 115, 2), (91, 5, 92, 4), (97, 47, 98, 46), (67, 36, 68, 37), (68, 106, 69, 105), (65, 138, 66, 139), (60, 26, 61, 25), (13, 57, 14, 56), (34, 58, 35, 57), (107, 58, 108, 59), (137, 55, 138, 54), (6, 134, 7, 133), (89, 134, 90, 135), (53, 133, 54, 132), (5, 31, 6, 30), (90, 31, 91, 32), (52, 30, 53, 29), (136, 87, 137, 88), (35, 84, 36, 85), (106, 84, 107, 83), (14, 85, 15, 86), (80, 127, 81, 128), (81, 24, 82, 25), (82, 118, 83, 117), (72, 21, 73, 22), (71, 102, 72, 103), (73, 143, 74, 142), (74, 40, 75, 39)]","[[26,2,27,1],[2,34,3,33],[3,6,4,7],[23,4,24,5],[5,24,6,25],[12,8,13,7],[8,22,9,21],[9,36,10,1],[35,10,36,11],[22,12,23,11],[13,32,14,33],[19,14,20,15],[15,31,16,30],[27,17,28,16],[17,29,18,28],[29,19,30,18],[31,20,32,21],[34,26,35,25]]"
728,2,0.5858,2*tau=2; 2*nu=2,18nh_00244364,834,18,-1,1,2,70,22.85993721,True,,,,1.0,1.0,False,"[(67, 5, 68, 4), (68, 88, 69, 87), (65, 130, 66, 131), (107, 132, 108, 133), (43, 139, 44, 138), (0, 10, 1, 9), (134, 51, 135, 52), (131, 85, 132, 84), (3, 86, 4, 87), (48, 86, 49, 85), (15, 102, 16, 103), (13, 60, 14, 61), (92, 139, 93, 0), (120, 64, 121, 63), (121, 105, 122, 104), (62, 103, 63, 104), (61, 33, 62, 32), (59, 18, 60, 19), (14, 34, 15, 33), (122, 31, 123, 32), (66, 47, 67, 48), (128, 113, 129, 114), (58, 118, 59, 117), (35, 118, 36, 119), (45, 112, 46, 113), (6, 112, 7, 111), (100, 120, 101, 119), (89, 111, 90, 110), (91, 8, 92, 9), (97, 39, 98, 38), (7, 24, 8, 25), (127, 23, 128, 22), (90, 25, 91, 26), (44, 24, 45, 23), (101, 16, 102, 17), (34, 18, 35, 17), (57, 77, 58, 76), (99, 79, 100, 78), (36, 77, 37, 78), (46, 71, 47, 72), (88, 70, 89, 69), (129, 72, 130, 73), (5, 71, 6, 70), (116, 56, 117, 55), (75, 57, 76, 56), (19, 54, 20, 55), (28, 134, 29, 133), (26, 1, 27, 2), (27, 51, 28, 50), (29, 82, 30, 83), (21, 41, 22, 40), (74, 37, 75, 38), (114, 39, 115, 40), (80, 106, 81, 105), (79, 65, 80, 64), (81, 30, 82, 31), (115, 97, 116, 96), (73, 99, 74, 98), (20, 95, 21, 96), (52, 11, 53, 12), (94, 126, 95, 125), (41, 126, 42, 127), (53, 125, 54, 124), (12, 124, 13, 123), (136, 93, 137, 94), (135, 10, 136, 11), (137, 43, 138, 42), (106, 84, 107, 83), (108, 49, 109, 50), (109, 3, 110, 2)]","[[26,2,27,1],[2,34,3,33],[3,6,4,7],[23,4,24,5],[5,24,6,25],[12,8,13,7],[8,22,9,21],[9,36,10,1],[35,10,36,11],[22,12,23,11],[13,32,14,33],[19,14,20,15],[15,31,16,30],[27,17,28,16],[17,29,18,28],[29,19,30,18],[31,20,32,21],[34,26,35,25]]"
729,3,1.2679,2*tau=2; 2*nu=2,18nh_00244364,834,18,-1,1,2,72,22.7266008,True,,,,1.0,1.0,False,"[(32, 89, 33, 90), (31, 99, 32, 98), (33, 143, 34, 142), (115, 94, 116, 95), (15, 92, 16, 93), (143, 89, 0, 88), (118, 136, 119, 135), (16, 140, 17, 139), (8, 107, 9, 108), (71, 140, 72, 141), (72, 92, 73, 91), (11, 58, 12, 59), (109, 60, 110, 61), (76, 58, 77, 57), (97, 75, 98, 74), (95, 112, 96, 113), (96, 13, 97, 14), (79, 107, 80, 106), (87, 1, 88, 0), (42, 74, 43, 73), (40, 113, 41, 114), (41, 14, 42, 15), (68, 53, 69, 54), (19, 53, 20, 52), (117, 51, 118, 50), (136, 51, 137, 52), (131, 11, 132, 10), (134, 112, 135, 111), (130, 77, 131, 78), (132, 59, 133, 60), (48, 137, 49, 138), (49, 117, 50, 116), (46, 18, 47, 17), (45, 70, 46, 71), (133, 29, 134, 28), (75, 30, 76, 31), (110, 28, 111, 27), (12, 30, 13, 29), (63, 81, 64, 80), (64, 105, 65, 106), (61, 6, 62, 7), (78, 129, 79, 130), (108, 128, 109, 127), (62, 125, 63, 126), (9, 129, 10, 128), (25, 125, 26, 124), (26, 6, 27, 5), (23, 105, 24, 104), (24, 81, 25, 82), (138, 38, 139, 37), (18, 35, 19, 36), (114, 39, 115, 40), (69, 35, 70, 34), (47, 36, 48, 37), (122, 104, 123, 103), (126, 8, 127, 7), (123, 82, 124, 83), (83, 120, 84, 121), (4, 120, 5, 119), (102, 122, 103, 121), (84, 21, 85, 22), (3, 21, 4, 20), (101, 23, 102, 22), (100, 65, 101, 66), (2, 67, 3, 68), (85, 67, 86, 66), (55, 87, 56, 86), (54, 1, 55, 2), (56, 99, 57, 100), (93, 38, 94, 39), (90, 44, 91, 43), (141, 44, 142, 45)]","[[26,2,27,1],[2,34,3,33],[3,6,4,7],[23,4,24,5],[5,24,6,25],[12,8,13,7],[8,22,9,21],[9,36,10,1],[35,10,36,11],[22,12,23,11],[13,32,14,33],[19,14,20,15],[15,31,16,30],[27,17,28,16],[17,29,18,28],[29,19,30,18],[31,20,32,21],[34,26,35,25]]"
3027,-2,0.5858,2*tau=2; 2*nu=2,18nh_00588827,933,18,-1,-1,-2,61,23.853541140738873,True,,,,1.0,1.0,False,"[(89, 1, 90, 0), (15, 120, 16, 121), (22, 112, 23, 111), (107, 69, 108, 68), (116, 59, 117, 60), (90, 103, 91, 104), (33, 108, 34, 109), (88, 40, 89, 39), (87, 12, 88, 13), (31, 85, 32, 84), (17, 36, 18, 37), (34, 19, 35, 20), (79, 63, 80, 62), (32, 53, 33, 54), (27, 45, 28, 44), (78, 43, 79, 44), (86, 67, 87, 68), (35, 70, 36, 71), (105, 17, 106, 16), (104, 119, 105, 120), (117, 100, 118, 101), (106, 37, 107, 38), (115, 5, 116, 4), (98, 23, 99, 24), (101, 47, 102, 46), (99, 112, 100, 113), (97, 56, 98, 57), (96, 82, 97, 81), (7, 80, 8, 81), (3, 61, 4, 60), (5, 115, 6, 114), (2, 45, 3, 46), (6, 26, 7, 25), (48, 1, 49, 2), (47, 103, 48, 102), (82, 96, 83, 95), (110, 93, 111, 94), (55, 94, 56, 95), (21, 92, 22, 93), (118, 92, 119, 91), (26, 61, 27, 62), (18, 70, 19, 69), (121, 14, 0, 15), (38, 13, 39, 14), (30, 10, 31, 9), (66, 12, 67, 11), (58, 113, 59, 114), (57, 24, 58, 25), (52, 86, 53, 85), (51, 11, 52, 10), (73, 55, 74, 54), (75, 8, 76, 9), (74, 83, 75, 84), (71, 21, 72, 20), (72, 110, 73, 109), (40, 50, 41, 49), (42, 77, 43, 78), (41, 29, 42, 28), (64, 29, 65, 30), (63, 77, 64, 76), (65, 50, 66, 51)]","[[22, 2, 23, 1], [2, 22, 3, 21], [3, 12, 4, 13], [11, 4, 12, 5], [5, 10, 6, 11], [15, 6, 16, 7], [7, 16, 8, 17], [8, 34, 9, 33], [34, 10, 35, 9], [13, 20, 14, 21], [19, 14, 20, 15], [26, 18, 27, 17], [18, 28, 19, 27], [23, 28, 24, 29], [31, 24, 32, 25], [25, 32, 26, 33], [29, 36, 30, 1], [35, 30, 36, 31]]"
3028,-2,0.5858,2*tau=2; 2*nu=2,18nh_00588827,933,18,-1,-1,-2,64,23.91072200362327,True,,,,1.0,1.0,False,"[(112, 118, 113, 117), (114, 14, 115, 13), (111, 100, 112, 101), (109, 70, 110, 71), (66, 98, 67, 97), (45, 98, 46, 99), (35, 76, 36, 77), (2, 70, 3, 69), (61, 46, 62, 47), (59, 12, 60, 13), (67, 127, 68, 126), (47, 15, 48, 14), (44, 127, 45, 0), (122, 34, 123, 33), (17, 36, 18, 37), (93, 35, 94, 34), (37, 6, 38, 7), (40, 90, 41, 89), (42, 120, 43, 119), (94, 77, 95, 78), (123, 78, 124, 79), (18, 76, 19, 75), (31, 97, 32, 96), (32, 126, 33, 125), (28, 15, 29, 16), (22, 53, 23, 54), (30, 66, 31, 65), (0, 43, 1, 44), (110, 42, 111, 41), (84, 27, 85, 28), (81, 64, 82, 65), (86, 50, 87, 49), (83, 17, 84, 16), (80, 95, 81, 96), (79, 124, 80, 125), (102, 51, 103, 52), (99, 118, 100, 119), (60, 113, 61, 114), (1, 120, 2, 121), (71, 90, 72, 91), (73, 5, 74, 4), (68, 121, 69, 122), (23, 105, 24, 104), (52, 105, 53, 106), (11, 117, 12, 116), (9, 51, 10, 50), (54, 8, 55, 7), (92, 4, 93, 3), (20, 5, 21, 6), (62, 30, 63, 29), (8, 25, 9, 26), (103, 25, 104, 24), (74, 20, 75, 19), (38, 21, 39, 22), (101, 88, 102, 89), (10, 88, 11, 87), (63, 82, 64, 83), (115, 58, 116, 59), (85, 56, 86, 57), (26, 56, 27, 55), (48, 57, 49, 58), (91, 108, 92, 109), (72, 107, 73, 108), (39, 107, 40, 106)]","[[22, 2, 23, 1], [2, 22, 3, 21], [3, 12, 4, 13], [11, 4, 12, 5], [5, 10, 6, 11], [15, 6, 16, 7], [7, 16, 8, 17], [8, 34, 9, 33], [34, 10, 35, 9], [13, 20, 14, 21], [19, 14, 20, 15], [26, 18, 27, 17], [18, 28, 19, 27], [23, 28, 24, 29], [31, 24, 32, 25], [25, 32, 26, 33], [29, 36, 30, 1], [35, 30, 36, 31]]"
3029,-1,0.0000,2*tau=2; 2*nu=2,18nh_00588827,933,18,-1,-1,-2,57,23.74492510914163,True,,,,1.0,1.0,False,"[(80, 7, 81, 8), (26, 6, 27, 5), (61, 6, 62, 7), (8, 79, 9, 80), (13, 87, 14, 86), (100, 10, 101, 9), (10, 102, 11, 101), (12, 1, 13, 2), (70, 17, 71, 18), (109, 14, 110, 15), (18, 69, 19, 70), (31, 16, 32, 17), (23, 44, 24, 45), (25, 82, 26, 83), (41, 35, 42, 34), (36, 90, 37, 89), (37, 112, 38, 113), (111, 38, 112, 39), (64, 44, 65, 43), (96, 45, 97, 46), (40, 105, 41, 106), (62, 82, 63, 81), (63, 98, 64, 99), (75, 88, 76, 89), (99, 78, 100, 79), (76, 103, 77, 104), (110, 74, 111, 73), (74, 0, 75, 113), (0, 87, 1, 88), (72, 108, 73, 107), (15, 108, 16, 109), (94, 20, 95, 19), (91, 106, 92, 107), (90, 40, 91, 39), (24, 98, 25, 97), (33, 92, 34, 93), (46, 58, 47, 57), (47, 30, 48, 31), (49, 3, 50, 2), (48, 85, 49, 86), (42, 53, 43, 54), (29, 59, 30, 58), (77, 52, 78, 53), (11, 51, 12, 50), (56, 96, 57, 95), (55, 21, 56, 20), (66, 21, 67, 22), (4, 28, 5, 27), (3, 60, 4, 61), (84, 60, 85, 59), (83, 28, 84, 29), (54, 67, 55, 68), (32, 72, 33, 71), (93, 68, 94, 69), (22, 65, 23, 66), (102, 52, 103, 51), (104, 35, 105, 36)]","[[22, 2, 23, 1], [2, 22, 3, 21], [3, 12, 4, 13], [11, 4, 12, 5], [5, 10, 6, 11], [15, 6, 16, 7], [7, 16, 8, 17], [8, 34, 9, 33], [34, 10, 35, 9], [13, 20, 14, 21], [19, 14, 20, 15], [26, 18, 27, 17], [18, 28, 19, 27], [23, 28, 24, 29], [31, 24, 32, 25], [25, 32, 26, 33], [29, 36, 30, 1], [35, 30, 36, 31]]"
3030,-1,0.0000,2*tau=2; 2*nu=2,18nh_00588827,933,18,-1,-1,-2,62,23.77476006552926,True,,,,1.0,1.0,False,"[(108, 42, 109, 41), (85, 29, 86, 28), (88, 12, 89, 11), (80, 20, 81, 19), (78, 61, 79, 62), (34, 73, 35, 74), (1, 61, 2, 60), (51, 121, 52, 120), (33, 7, 34, 6), (123, 18, 0, 19), (52, 83, 53, 84), (116, 87, 117, 88), (44, 93, 45, 94), (65, 94, 66, 95), (15, 93, 16, 92), (0, 79, 1, 80), (117, 30, 118, 31), (59, 20, 60, 21), (49, 10, 50, 11), (114, 9, 115, 10), (23, 107, 24, 106), (22, 78, 23, 77), (21, 2, 22, 3), (115, 51, 116, 50), (89, 48, 90, 49), (14, 45, 15, 46), (63, 43, 64, 42), (97, 17, 98, 16), (95, 64, 96, 65), (90, 113, 91, 114), (96, 43, 97, 44), (110, 68, 111, 67), (91, 70, 92, 71), (13, 68, 14, 69), (46, 70, 47, 69), (27, 85, 28, 84), (29, 118, 30, 119), (86, 119, 87, 120), (12, 111, 13, 112), (66, 110, 67, 109), (47, 113, 48, 112), (7, 83, 8, 82), (8, 121, 9, 122), (40, 101, 41, 102), (107, 100, 108, 101), (62, 99, 63, 100), (17, 99, 18, 98), (57, 76, 58, 77), (58, 4, 59, 3), (56, 105, 57, 106), (37, 55, 38, 54), (104, 55, 105, 56), (32, 53, 33, 54), (74, 5, 75, 6), (72, 81, 73, 82), (71, 123, 72, 122), (103, 38, 104, 39), (4, 36, 5, 35), (75, 36, 76, 37), (31, 27, 32, 26), (39, 24, 40, 25), (102, 26, 103, 25)]","[[22, 2, 23, 1], [2, 22, 3, 21], [3, 12, 4, 13], [11, 4, 12, 5], [5, 10, 6, 11], [15, 6, 16, 7], [7, 16, 8, 17], [8, 34, 9, 33], [34, 10, 35, 9], [13, 20, 14, 21], [19, 14, 20, 15], [26, 18, 27, 17], [18, 28, 19, 27], [23, 28, 24, 29], [31, 24, 32, 25], [25, 32, 26, 33], [29, 36, 30, 1], [35, 30, 36, 31]]"
3031,-1,0.0000,2*tau=2; 2*nu=2,18nh_00588827,933,18,-1,-1,-2,62,23.821334581881377,True,,,,1.0,1.0,False,"[(81, 22, 82, 23), (25, 78, 26, 79), (48, 104, 49, 103), (100, 117, 101, 118), (2, 49, 3, 50), (19, 108, 20, 109), (83, 107, 84, 106), (122, 105, 123, 106), (102, 1, 103, 2), (101, 51, 102, 50), (17, 68, 18, 69), (85, 67, 86, 66), (86, 37, 87, 38), (18, 36, 19, 35), (12, 123, 13, 0), (13, 105, 14, 104), (92, 107, 93, 108), (93, 21, 94, 20), (91, 84, 92, 85), (90, 122, 91, 121), (120, 90, 121, 89), (38, 87, 39, 88), (65, 89, 66, 88), (6, 97, 7, 98), (3, 119, 4, 118), (64, 15, 65, 16), (39, 17, 40, 16), (119, 14, 120, 15), (116, 55, 117, 56), (109, 43, 110, 42), (114, 61, 115, 62), (112, 31, 113, 32), (113, 73, 114, 72), (43, 94, 44, 95), (62, 100, 63, 99), (33, 97, 34, 96), (110, 95, 111, 96), (47, 0, 48, 1), (111, 9, 112, 8), (32, 7, 33, 8), (63, 4, 64, 5), (44, 10, 45, 9), (51, 25, 52, 24), (46, 23, 47, 24), (10, 21, 11, 22), (11, 83, 12, 82), (45, 81, 46, 80), (52, 79, 53, 80), (76, 27, 77, 28), (77, 54, 78, 55), (69, 41, 70, 40), (73, 60, 74, 61), (67, 36, 68, 37), (70, 6, 71, 5), (71, 98, 72, 99), (29, 74, 30, 75), (30, 60, 31, 59), (34, 41, 35, 42), (26, 54, 27, 53), (58, 75, 59, 76), (57, 29, 58, 28), (56, 115, 57, 116)]","[[22, 2, 23, 1], [2, 22, 3, 21], [3, 12, 4, 13], [11, 4, 12, 5], [5, 10, 6, 11], [15, 6, 16, 7], [7, 16, 8, 17], [8, 34, 9, 33], [34, 10, 35, 9], [13, 20, 14, 21], [19, 14, 20, 15], [26, 18, 27, 17], [18, 28, 19, 27], [23, 28, 24, 29], [31, 24, 32, 25], [25, 32, 26, 33], [29, 36, 30, 1], [35, 30, 36, 31]]"
911,1,0.0000,2*tau=2; 2*nu=2,18nh_00778169,963,18,-1,1,2,65,24.20697293,True,,,,1.0,1.0,False,"[(44, 32, 45, 31), (83, 31, 84, 30), (85, 47, 86, 46), (65, 121, 66, 120), (19, 37, 20, 36), (124, 39, 125, 40), (64, 36, 65, 35), (37, 63, 38, 62), (122, 62, 123, 61), (18, 63, 19, 64), (107, 56, 108, 57), (109, 129, 110, 128), (20, 122, 21, 121), (41, 126, 42, 127), (99, 34, 100, 35), (97, 67, 98, 66), (98, 119, 99, 120), (91, 27, 92, 26), (86, 9, 87, 10), (42, 112, 43, 111), (43, 102, 44, 103), (29, 83, 30, 82), (58, 0, 59, 129), (54, 23, 55, 24), (50, 67, 51, 68), (49, 119, 50, 118), (27, 104, 28, 105), (106, 25, 107, 26), (13, 97, 14, 96), (11, 5, 12, 4), (14, 21, 15, 22), (12, 51, 13, 52), (10, 87, 11, 88), (2, 93, 3, 94), (52, 96, 53, 95), (28, 90, 29, 89), (105, 93, 106, 92), (38, 18, 39, 17), (123, 17, 124, 16), (60, 15, 61, 16), (59, 77, 60, 76), (125, 74, 126, 75), (100, 73, 101, 74), (117, 69, 118, 68), (40, 75, 41, 76), (77, 23, 78, 22), (78, 54, 79, 53), (80, 3, 81, 4), (79, 94, 80, 95), (0, 56, 1, 55), (6, 70, 7, 69), (5, 116, 6, 117), (1, 25, 2, 24), (101, 113, 102, 112), (127, 111, 128, 110), (57, 108, 58, 109), (114, 48, 115, 47), (115, 8, 116, 9), (113, 33, 114, 32), (45, 85, 46, 84), (72, 33, 73, 34), (71, 48, 72, 49), (70, 8, 71, 7), (90, 104, 91, 103), (88, 81, 89, 82)]","[[32,2,33,1],[2,32,3,31],[10,4,11,3],[4,10,5,9],[36,5,1,6],[6,35,7,36],[7,17,8,16],[15,9,16,8],[11,30,12,31],[29,12,30,13],[20,14,21,13],[14,20,15,19],[24,17,25,18],[18,23,19,24],[28,22,29,21],[22,28,23,27],[25,35,26,34],[33,27,34,26]]"
912,1,0.0000,2*tau=2; 2*nu=2,18nh_00778169,963,18,-1,1,2,62,24.20697293,True,,,,1.0,1.0,False,"[(3, 52, 4, 53), (5, 117, 6, 116), (67, 14, 68, 15), (102, 14, 103, 13), (79, 29, 80, 28), (39, 57, 40, 56), (41, 114, 42, 115), (66, 45, 67, 46), (103, 45, 104, 44), (54, 116, 55, 115), (111, 59, 112, 58), (65, 1, 66, 0), (104, 1, 105, 2), (43, 33, 44, 32), (2, 31, 3, 32), (83, 74, 84, 75), (110, 73, 111, 74), (60, 72, 61, 71), (118, 52, 119, 51), (75, 51, 76, 50), (76, 119, 77, 120), (12, 34, 13, 33), (123, 65, 0, 64), (122, 105, 123, 106), (120, 77, 121, 78), (121, 31, 122, 30), (16, 69, 17, 70), (15, 101, 16, 100), (62, 99, 63, 100), (107, 99, 108, 98), (68, 102, 69, 101), (35, 19, 36, 18), (34, 89, 35, 90), (11, 89, 12, 88), (10, 19, 11, 20), (55, 6, 56, 7), (113, 9, 114, 8), (40, 8, 41, 7), (23, 73, 24, 72), (27, 81, 28, 80), (24, 110, 25, 109), (22, 59, 23, 60), (26, 97, 27, 98), (20, 9, 21, 10), (86, 54, 87, 53), (84, 117, 85, 118), (85, 5, 86, 4), (81, 97, 82, 96), (112, 37, 113, 38), (57, 39, 58, 38), (21, 37, 22, 36), (91, 71, 92, 70), (95, 83, 96, 82), (93, 109, 94, 108), (92, 61, 93, 62), (94, 25, 95, 26), (90, 18, 91, 17), (87, 42, 88, 43), (48, 29, 49, 30), (49, 79, 50, 78), (47, 107, 48, 106), (46, 63, 47, 64)]","[[32,2,33,1],[2,32,3,31],[10,4,11,3],[4,10,5,9],[36,5,1,6],[6,35,7,36],[7,17,8,16],[15,9,16,8],[11,30,12,31],[29,12,30,13],[20,14,21,13],[14,20,15,19],[24,17,25,18],[18,23,19,24],[28,22,29,21],[22,28,23,27],[25,35,26,34],[33,27,34,26]]"
913,1,0.0000,2*tau=2; 2*nu=2,18nh_00778169,963,18,-1,1,2,62,24.20697293,True,,,,1.0,1.0,False,"[(113, 26, 114, 27), (111, 39, 112, 38), (88, 106, 89, 105), (81, 103, 82, 102), (61, 97, 62, 96), (20, 96, 21, 95), (122, 97, 123, 98), (87, 78, 88, 79), (51, 66, 52, 67), (8, 68, 9, 67), (21, 62, 22, 63), (50, 118, 51, 117), (24, 42, 25, 41), (23, 121, 24, 120), (9, 116, 10, 117), (80, 34, 81, 33), (119, 40, 120, 41), (65, 43, 66, 42), (94, 39, 95, 40), (114, 50, 115, 49), (92, 28, 93, 27), (63, 22, 64, 23), (118, 26, 119, 25), (72, 37, 73, 38), (71, 29, 72, 28), (69, 48, 70, 49), (108, 55, 109, 56), (47, 13, 48, 12), (112, 94, 113, 93), (70, 91, 71, 92), (30, 90, 31, 89), (35, 90, 36, 91), (58, 74, 59, 73), (107, 77, 108, 76), (1, 74, 2, 75), (0, 110, 1, 109), (59, 110, 60, 111), (16, 6, 17, 5), (106, 4, 107, 3), (64, 122, 65, 121), (77, 4, 78, 5), (75, 57, 76, 56), (2, 58, 3, 57), (17, 54, 18, 55), (83, 47, 84, 46), (123, 19, 0, 18), (60, 19, 61, 20), (32, 80, 33, 79), (31, 104, 32, 105), (36, 30, 37, 29), (103, 34, 104, 35), (100, 86, 101, 85), (99, 6, 100, 7), (98, 54, 99, 53), (101, 15, 102, 14), (15, 86, 16, 87), (45, 85, 46, 84), (44, 7, 45, 8), (43, 53, 44, 52), (82, 13, 83, 14), (68, 12, 69, 11), (115, 10, 116, 11)]","[[32,2,33,1],[2,32,3,31],[10,4,11,3],[4,10,5,9],[36,5,1,6],[6,35,7,36],[7,17,8,16],[15,9,16,8],[11,30,12,31],[29,12,30,13],[20,14,21,13],[14,20,15,19],[24,17,25,18],[18,23,19,24],[28,22,29,21],[22,28,23,27],[25,35,26,34],[33,27,34,26]]"
914,1,0.0000,2*tau=2; 2*nu=2,18nh_00778169,963,18,-1,1,2,67,24.20697293,True,,,,1.0,1.0,False,"[(132, 115, 133, 116), (131, 65, 132, 64), (59, 121, 60, 120), (21, 125, 22, 124), (47, 115, 48, 114), (112, 46, 113, 45), (14, 112, 15, 111), (110, 1, 111, 2), (105, 37, 106, 36), (99, 40, 100, 41), (100, 29, 101, 30), (97, 7, 98, 6), (98, 84, 99, 83), (5, 82, 6, 83), (80, 42, 81, 41), (79, 31, 80, 30), (81, 4, 82, 5), (67, 46, 68, 47), (11, 70, 12, 71), (68, 0, 69, 133), (48, 65, 49, 66), (58, 25, 59, 26), (22, 55, 23, 56), (16, 44, 17, 43), (49, 131, 50, 130), (3, 45, 4, 44), (13, 0, 14, 1), (27, 79, 28, 78), (23, 91, 24, 90), (121, 25, 122, 24), (113, 67, 114, 66), (123, 88, 124, 89), (117, 13, 118, 12), (119, 32, 120, 33), (118, 110, 119, 109), (116, 69, 117, 70), (122, 58, 123, 57), (91, 55, 92, 54), (9, 50, 10, 51), (106, 51, 107, 52), (103, 127, 104, 126), (7, 129, 8, 128), (96, 129, 97, 130), (76, 125, 77, 126), (75, 92, 76, 93), (72, 33, 73, 34), (74, 54, 75, 53), (26, 19, 27, 20), (31, 19, 32, 18), (42, 18, 43, 17), (2, 15, 3, 16), (87, 21, 88, 20), (86, 77, 87, 78), (8, 96, 9, 95), (104, 94, 105, 93), (60, 74, 61, 73), (62, 107, 63, 108), (61, 35, 62, 34), (63, 10, 64, 11), (56, 90, 57, 89), (71, 109, 72, 108), (85, 103, 86, 102), (28, 101, 29, 102), (37, 94, 38, 95), (35, 53, 36, 52), (38, 127, 39, 128), (39, 85, 40, 84)]","[[32,2,33,1],[2,32,3,31],[10,4,11,3],[4,10,5,9],[36,5,1,6],[6,35,7,36],[7,17,8,16],[15,9,16,8],[11,30,12,31],[29,12,30,13],[20,14,21,13],[14,20,15,19],[24,17,25,18],[18,23,19,24],[28,22,29,21],[22,28,23,27],[25,35,26,34],[33,27,34,26]]"
20,1,0.0000,s=2; s_2=2; s_3=2; 2*tau=2; 2*nu=2,K15n77799,31,15,-1,1,2,39,15.3490236,True,2.0,2.0,2.0,1.0,1.0,False,"[(46, 5, 47, 6), (3, 35, 4, 34), (32, 8, 33, 7), (74, 28, 75, 27), (21, 1, 22, 0), (67, 8, 68, 9), (18, 33, 19, 34), (1, 21, 2, 20), (36, 48, 37, 47), (35, 16, 36, 17), (2, 65, 3, 66), (19, 67, 20, 66), (40, 30, 41, 29), (30, 40, 31, 39), (68, 32, 69, 31), (69, 38, 70, 39), (64, 14, 65, 13), (63, 50, 64, 51), (56, 25, 57, 26), (17, 5, 18, 4), (59, 73, 60, 72), (41, 70, 42, 71), (9, 25, 10, 24), (42, 62, 43, 61), (75, 59, 76, 58), (23, 54, 24, 55), (10, 56, 11, 55), (52, 12, 53, 11), (51, 77, 52, 76), (48, 16, 49, 15), (53, 22, 54, 23), (28, 74, 29, 73), (71, 61, 72, 60), (26, 57, 27, 58), (14, 50, 15, 49), (12, 77, 13, 0), (6, 45, 7, 46), (62, 44, 63, 43), (37, 44, 38, 45)]","[[4,2,5,1],[2,12,3,11],[12,4,13,3],[16,5,17,6],[6,22,7,21],[18,8,19,7],[27,9,28,8],[9,27,10,26],[10,23,11,24],[13,25,14,24],[25,15,26,14],[15,1,16,30],[22,17,23,18],[19,28,20,29],[29,20,30,21]]"
21,3,1.2679,s=2; s_2=2; s_3=2; 2*tau=2; 2*nu=2,K15n77799,31,15,-1,1,2,34,15.033756,True,2.0,2.0,2.0,1.0,1.0,False,"[(27, 53, 28, 52), (45, 36, 46, 37), (67, 35, 0, 34), (46, 10, 47, 9), (35, 10, 36, 11), (8, 48, 9, 47), (53, 50, 54, 51), (54, 64, 55, 63), (7, 66, 8, 67), (0, 11, 1, 12), (5, 56, 6, 57), (6, 21, 7, 22), (32, 57, 33, 58), (25, 17, 26, 16), (37, 19, 38, 18), (40, 56, 41, 55), (39, 65, 40, 64), (38, 49, 39, 50), (31, 5, 32, 4), (24, 1, 25, 2), (33, 22, 34, 23), (60, 3, 61, 4), (61, 30, 62, 31), (51, 29, 52, 28), (20, 66, 21, 65), (19, 48, 20, 49), (59, 15, 60, 14), (13, 59, 14, 58), (15, 2, 16, 3), (12, 24, 13, 23), (26, 44, 27, 43), (17, 45, 18, 44), (62, 42, 63, 41), (29, 42, 30, 43)]","[[4,2,5,1],[2,12,3,11],[12,4,13,3],[16,5,17,6],[6,22,7,21],[18,8,19,7],[27,9,28,8],[9,27,10,26],[10,23,11,24],[13,25,14,24],[25,15,26,14],[15,1,16,30],[22,17,23,18],[19,28,20,29],[29,20,30,21]]"
