n_friend_index,n_friend_name,n
1,K13n65,4
1,K13n65,5
4,K13n3897,4
4,K13n3897,5
5,K13n3936,4
5,K13n3936,5
6,K13n4582,4
6,K13n4582,5
8,K14n4425,4
8,K14n4425,5
9,K14n4621,4
9,K14n4621,5
10,K14n5486,4
10,K14n5486,5
12,K14n10011,4
12,K14n10011,5
14,K14n18909,4
14,K14n18909,5
16,K14n21673,4
16,K14n21673,5
17,K15n2810,4
17,K15n2810,5
24,K15n21905,4
24,K15n21905,5
27,K15n40402,4
27,K15n40402,5
28,K15n49735,4
28,K15n49735,5
31,K15n77799,4
31,K15n77799,5
33,K15n95989,4
33,K15n95989,5
34,K15n95995,4
34,K15n95995,5
36,K15n103703,4
36,K15n103703,5
42,K15n121834,4
42,K15n121834,5
46,K15n124496,4
46,K15n124496,5
47,K15n124640,4
47,K15n124640,5
48,K15n130504,4
48,K15n130504,5
51,K15n138033,4
51,K15n138033,5
54,K15n140449,4
54,K15n140449,5
56,K15n146982,4
56,K15n146982,5
58,K15n155464,4
58,K15n155464,5
59,K15n157903,4
59,K15n157903,5
61,16n12369,4
61,16n12369,5
66,16n58556,4
66,16n58556,5
70,16n68278,4
70,16n68278,5
71,16n74543,4
71,16n74543,5
73,16n74839,4
73,16n74839,5
74,16n78457,4
74,16n78457,5
75,16n81429,4
75,16n81429,5
76,16n82498,4
76,16n82498,5
79,16n107590,4
79,16n107590,5
81,16n111976,4
81,16n111976,5
84,16n132502,4
84,16n132502,5
88,16n144314,4
88,16n144314,5
89,16n145125,4
89,16n145125,5
91,16n153489,4
91,16n153489,5
92,16n156901,4
92,16n156901,5
93,16n170532,4
93,16n170532,5
95,16n180536,4
95,16n180536,5
105,16n225792,4
105,16n225792,5
106,16n247584,4
106,16n247584,5
110,16n257104,4
110,16n257104,5
111,16n266273,4
111,16n266273,5
112,16n282905,4
112,16n282905,5
116,16n297565,4
116,16n297565,5
117,16n299365,4
117,16n299365,5
120,16n312764,4
120,16n312764,5
121,16n323949,4
121,16n323949,5
122,16n324191,4
122,16n324191,5
125,16n357101,4
125,16n357101,5
131,16n429842,4
131,16n429842,5
133,16n481747,4
133,16n481747,5
134,16n493318,4
134,16n493318,5
135,16n503252,4
135,16n503252,5
138,16n540299,4
138,16n540299,5
139,16n547759,4
139,16n547759,5
140,16n550769,4
140,16n550769,5
141,16n615861,4
141,16n615861,5
143,16n634558,4
143,16n634558,5
144,16n634580,4
144,16n634580,5
145,16n658612,4
145,16n658612,5
146,16n661936,4
146,16n661936,5
148,16n697934,4
148,16n697934,5
150,16n698210,4
150,16n698210,5
151,16n698489,4
151,16n698489,5
155,16n736820,4
155,16n736820,5
159,16n740455,4
159,16n740455,5
160,16n740535,4
160,16n740535,5
161,16n741378,4
161,16n741378,5
164,16n745705,4
164,16n745705,5
166,16n748005,4
166,16n748005,5
168,16n748958,4
168,16n748958,5
171,16n752927,4
171,16n752927,5
182,16n778376,4
182,16n778376,5
184,16n780745,4
184,16n780745,5
186,16n787551,4
186,16n787551,5
188,16n801023,4
188,16n801023,5
190,16n804562,4
190,16n804562,5
193,16n828009,4
193,16n828009,5
198,16n842311,4
198,16n842311,5
200,16n872262,4
200,16n872262,5
203,16n889676,4
203,16n889676,5
207,16n912996,4
207,16n912996,5
210,16n955104,4
210,16n955104,5
215,17nh_0004389,4
215,17nh_0004389,5
216,17nh_0005136,4
216,17nh_0005136,5
217,17nh_0007253,4
217,17nh_0007253,5
219,17nh_0008930,4
219,17nh_0008930,5
220,17nh_0009552,4
220,17nh_0009552,5
221,17nh_0010647,4
221,17nh_0010647,5
222,17nh_0013937,4
222,17nh_0013937,5
225,17nh_0023493,4
225,17nh_0023493,5
226,17nh_0024597,4
226,17nh_0024597,5
230,17nh_0041075,4
230,17nh_0041075,5
231,17nh_0048459,4
231,17nh_0048459,5
233,17nh_0061594,4
233,17nh_0061594,5
236,17nh_0069460,4
236,17nh_0069460,5
240,17nh_0078116,4
240,17nh_0078116,5
241,17nh_0083155,4
241,17nh_0083155,5
243,17nh_0088648,4
243,17nh_0088648,5
248,17nh_0106188,4
248,17nh_0106188,5
249,17nh_0106189,4
249,17nh_0106189,5
250,17nh_0108986,4
250,17nh_0108986,5
251,17nh_0112628,4
251,17nh_0112628,5
253,17nh_0140402,4
253,17nh_0140402,5
254,17nh_0142095,4
254,17nh_0142095,5
255,17nh_0155199,4
255,17nh_0155199,5
257,17nh_0159840,4
257,17nh_0159840,5
258,17nh_0167090,4
258,17nh_0167090,5
260,17nh_0181492,4
260,17nh_0181492,5
261,17nh_0183169,4
261,17nh_0183169,5
262,17nh_0183294,4
262,17nh_0183294,5
264,17nh_0185437,4
264,17nh_0185437,5
265,17nh_0186145,4
265,17nh_0186145,5
266,17nh_0194558,4
266,17nh_0194558,5
267,17nh_0197250,4
267,17nh_0197250,5
268,17nh_0200614,4
268,17nh_0200614,5
269,17nh_0203996,4
269,17nh_0203996,5
270,17nh_0208340,4
270,17nh_0208340,5
271,17nh_0210998,4
271,17nh_0210998,5
272,17nh_0213012,4
272,17nh_0213012,5
273,17nh_0213573,4
273,17nh_0213573,5
276,17nh_0215550,4
276,17nh_0215550,5
277,17nh_0217483,4
277,17nh_0217483,5
278,17nh_0238759,4
278,17nh_0238759,5
280,17nh_0242221,4
280,17nh_0242221,5
282,17nh_0246947,4
282,17nh_0246947,5
284,17nh_0246949,4
284,17nh_0246949,5
285,17nh_0246951,4
285,17nh_0246951,5
286,17nh_0250366,4
286,17nh_0250366,5
290,17nh_0264321,4
290,17nh_0264321,5
291,17nh_0272464,4
291,17nh_0272464,5
292,17nh_0272709,4
292,17nh_0272709,5
293,17nh_0272710,4
293,17nh_0272710,5
295,17nh_0286399,4
295,17nh_0286399,5
297,17nh_0290144,4
297,17nh_0290144,5
298,17nh_0292673,4
298,17nh_0292673,5
299,17nh_0295943,4
299,17nh_0295943,5
301,17nh_0308927,4
301,17nh_0308927,5
302,17nh_0310429,4
302,17nh_0310429,5
303,17nh_0310430,4
303,17nh_0310430,5
306,17nh_0325479,4
306,17nh_0325479,5
307,17nh_0325480,4
307,17nh_0325480,5
308,17nh_0328944,4
308,17nh_0328944,5
309,17nh_0330272,4
309,17nh_0330272,5
313,17nh_0362982,4
313,17nh_0362982,5
317,17nh_0383661,4
317,17nh_0383661,5
320,17nh_0404750,4
320,17nh_0404750,5
321,17nh_0407842,4
321,17nh_0407842,5
323,17nh_0415443,4
323,17nh_0415443,5
324,17nh_0432489,4
324,17nh_0432489,5
325,17nh_0438532,4
325,17nh_0438532,5
328,17nh_0466454,4
328,17nh_0466454,5
332,17nh_0488833,4
332,17nh_0488833,5
337,17nh_0523505,4
337,17nh_0523505,5
340,17nh_0530879,4
340,17nh_0530879,5
341,17nh_0533204,4
341,17nh_0533204,5
347,17nh_0538945,4
347,17nh_0538945,5
348,17nh_0544332,4
348,17nh_0544332,5
349,17nh_0547516,4
349,17nh_0547516,5
350,17nh_0550956,4
350,17nh_0550956,5
351,17nh_0562037,4
351,17nh_0562037,5
352,17nh_0565654,4
352,17nh_0565654,5
353,17nh_0590499,4
353,17nh_0590499,5
354,17nh_0593847,4
354,17nh_0593847,5
358,17nh_0620546,4
358,17nh_0620546,5
363,17nh_0648973,4
363,17nh_0648973,5
366,17nh_0700190,4
366,17nh_0700190,5
367,17nh_0704060,4
367,17nh_0704060,5
373,17nh_0799271,4
373,17nh_0799271,5
375,17nh_0817898,4
375,17nh_0817898,5
376,17nh_0819440,4
376,17nh_0819440,5
379,17nh_0834281,4
379,17nh_0834281,5
381,17nh_0855740,4
381,17nh_0855740,5
384,17nh_0881248,4
384,17nh_0881248,5
385,17nh_0901671,4
385,17nh_0901671,5
388,17nh_0918495,4
388,17nh_0918495,5
390,17nh_0920835,4
390,17nh_0920835,5
391,17nh_0959136,4
391,17nh_0959136,5
393,17nh_1000345,4
393,17nh_1000345,5
401,17nh_1092888,4
401,17nh_1092888,5
406,17nh_1136280,4
406,17nh_1136280,5
409,17nh_1136285,4
409,17nh_1136285,5
412,17nh_1152527,4
412,17nh_1152527,5
422,17nh_1314304,4
422,17nh_1314304,5
424,17nh_1316696,4
424,17nh_1316696,5
426,17nh_1342117,4
426,17nh_1342117,5
427,17nh_1348245,4
427,17nh_1348245,5
429,17nh_1383860,4
429,17nh_1383860,5
432,17nh_1402379,4
432,17nh_1402379,5
433,17nh_1435813,4
433,17nh_1435813,5
437,17nh_1497433,4
437,17nh_1497433,5
441,17nh_1557346,4
441,17nh_1557346,5
443,17nh_1584516,4
443,17nh_1584516,5
445,17nh_1600770,4
445,17nh_1600770,5
449,17nh_1639997,4
449,17nh_1639997,5
450,17nh_1681763,4
450,17nh_1681763,5
456,17nh_1700722,4
456,17nh_1700722,5
459,17nh_1726407,4
459,17nh_1726407,5
467,17nh_1783670,4
467,17nh_1783670,5
468,17nh_1789688,4
468,17nh_1789688,5
475,17nh_1877330,4
475,17nh_1877330,5
479,17nh_1933674,4
479,17nh_1933674,5
484,17nh_2010055,4
484,17nh_2010055,5
486,17nh_2078125,4
486,17nh_2078125,5
487,17nh_2078126,4
487,17nh_2078126,5
490,17nh_2096480,4
490,17nh_2096480,5
491,17nh_2117737,4
491,17nh_2117737,5
495,17nh_2162207,4
495,17nh_2162207,5
502,17nh_2268686,4
502,17nh_2268686,5
506,17nh_2305711,4
506,17nh_2305711,5
518,17nh_2425590,4
518,17nh_2425590,5
522,17nh_2463405,4
522,17nh_2463405,5
524,17nh_2489478,4
524,17nh_2489478,5
528,17nh_2561813,4
528,17nh_2561813,5
533,17nh_2561820,4
533,17nh_2561820,5
535,17nh_2586485,4
535,17nh_2586485,5
537,17nh_2613292,4
537,17nh_2613292,5
539,17nh_2618843,4
539,17nh_2618843,5
542,17nh_2687239,4
542,17nh_2687239,5
543,17nh_2691940,4
543,17nh_2691940,5
544,17nh_2696853,4
544,17nh_2696853,5
557,17nh_2869373,4
557,17nh_2869373,5
560,17nh_2883785,4
560,17nh_2883785,5
564,17nh_2903665,4
564,17nh_2903665,5
570,17nh_2936699,4
570,17nh_2936699,5
571,17nh_2936700,4
571,17nh_2936700,5
573,17nh_2936704,4
573,17nh_2936704,5
576,17nh_2977191,4
576,17nh_2977191,5
578,17nh_3039698,4
578,17nh_3039698,5
583,17nh_3058088,4
583,17nh_3058088,5
585,17nh_3112371,4
585,17nh_3112371,5
586,17nh_3112372,4
586,17nh_3112372,5
587,17nh_3112373,4
587,17nh_3112373,5
588,17nh_3112374,4
588,17nh_3112374,5
589,17nh_3112375,4
589,17nh_3112375,5
590,17nh_3112376,4
590,17nh_3112376,5
595,17nh_3214425,4
595,17nh_3214425,5
604,17nh_3400393,4
604,17nh_3400393,5
606,17nh_3522846,4
606,17nh_3522846,5
613,17nh_3637002,4
613,17nh_3637002,5
615,17nh_3692859,4
615,17nh_3692859,5
617,17nh_3736389,4
617,17nh_3736389,5
619,17nh_3826016,4
619,17nh_3826016,5
620,17nh_3921303,4
620,17nh_3921303,5
626,17nh_4024994,4
626,17nh_4024994,5
628,17nh_4062693,4
628,17nh_4062693,5
638,17nh_4262523,4
638,17nh_4262523,5
641,17nh_4339275,4
641,17nh_4339275,5
644,17nh_4483717,4
644,17nh_4483717,5
645,17nh_4483718,4
645,17nh_4483718,5
646,17nh_4483719,4
646,17nh_4483719,5
647,17nh_4483720,4
647,17nh_4483720,5
648,17nh_4483721,4
648,17nh_4483721,5
649,17nh_4499429,4
649,17nh_4499429,5
658,17nh_4712456,4
658,17nh_4712456,5
659,17nh_4736039,4
659,17nh_4736039,5
660,17nh_4951329,4
660,17nh_4951329,5
663,17nh_5038240,4
663,17nh_5038240,5
671,17nh_5238093,4
671,17nh_5238093,5
672,17nh_5257070,4
672,17nh_5257070,5
674,17nh_5425332,4
674,17nh_5425332,5
682,17nh_5532512,4
682,17nh_5532512,5
683,17nh_5566027,4
683,17nh_5566027,5
684,17nh_5614476,4
684,17nh_5614476,5
694,17nh_5817379,4
694,17nh_5817379,5
715,18nh_00000601,4
715,18nh_00000601,5
721,18nh_00002591,4
721,18nh_00002591,5
722,18nh_00002656,4
722,18nh_00002656,5
723,18nh_00003640,4
723,18nh_00003640,5
724,18nh_00004014,4
724,18nh_00004014,5
726,18nh_00005355,4
726,18nh_00005355,5
727,18nh_00007368,4
727,18nh_00007368,5
729,18nh_00009168,4
729,18nh_00009168,5
730,18nh_00010945,4
730,18nh_00010945,5
731,18nh_00012219,4
731,18nh_00012219,5
732,18nh_00013790,4
732,18nh_00013790,5
733,18nh_00014926,4
733,18nh_00014926,5
734,18nh_00017488,4
734,18nh_00017488,5
735,18nh_00017952,4
735,18nh_00017952,5
737,18nh_00018775,4
737,18nh_00018775,5
738,18nh_00019300,4
738,18nh_00019300,5
739,18nh_00019329,4
739,18nh_00019329,5
740,18nh_00019480,4
740,18nh_00019480,5
741,18nh_00022974,4
741,18nh_00022974,5
744,18nh_00029576,4
744,18nh_00029576,5
745,18nh_00030789,4
745,18nh_00030789,5
746,18nh_00031324,4
746,18nh_00031324,5
747,18nh_00036377,4
747,18nh_00036377,5
748,18nh_00038997,4
748,18nh_00038997,5
749,18nh_00040696,4
749,18nh_00040696,5
750,18nh_00042237,4
750,18nh_00042237,5
751,18nh_00051081,4
751,18nh_00051081,5
752,18nh_00051604,4
752,18nh_00051604,5
753,18nh_00052891,4
753,18nh_00052891,5
754,18nh_00055443,4
754,18nh_00055443,5
757,18nh_00061316,4
757,18nh_00061316,5
760,18nh_00065126,4
760,18nh_00065126,5
761,18nh_00066181,4
761,18nh_00066181,5
762,18nh_00066182,4
762,18nh_00066182,5
763,18nh_00067017,4
763,18nh_00067017,5
764,18nh_00067490,4
764,18nh_00067490,5
765,18nh_00067847,4
765,18nh_00067847,5
768,18nh_00073163,4
768,18nh_00073163,5
769,18nh_00074046,4
769,18nh_00074046,5
770,18nh_00075822,4
770,18nh_00075822,5
771,18nh_00077144,4
771,18nh_00077144,5
773,18nh_00081450,4
773,18nh_00081450,5
774,18nh_00088477,4
774,18nh_00088477,5
775,18nh_00096511,4
775,18nh_00096511,5
776,18nh_00096987,4
776,18nh_00096987,5
777,18nh_00097301,4
777,18nh_00097301,5
778,18nh_00097922,4
778,18nh_00097922,5
779,18nh_00098198,4
779,18nh_00098198,5
780,18nh_00099060,4
780,18nh_00099060,5
781,18nh_00108137,4
781,18nh_00108137,5
782,18nh_00108898,4
782,18nh_00108898,5
783,18nh_00113838,4
783,18nh_00113838,5
785,18nh_00120886,4
785,18nh_00120886,5
787,18nh_00124611,4
787,18nh_00124611,5
789,18nh_00129203,4
789,18nh_00129203,5
790,18nh_00132847,4
790,18nh_00132847,5
791,18nh_00132857,4
791,18nh_00132857,5
792,18nh_00134643,4
792,18nh_00134643,5
793,18nh_00136126,4
793,18nh_00136126,5
794,18nh_00136211,4
794,18nh_00136211,5
795,18nh_00136855,4
795,18nh_00136855,5
798,18nh_00140533,4
798,18nh_00140533,5
799,18nh_00140535,4
799,18nh_00140535,5
801,18nh_00143610,4
801,18nh_00143610,5
802,18nh_00147213,4
802,18nh_00147213,5
803,18nh_00147647,4
803,18nh_00147647,5
804,18nh_00151808,4
804,18nh_00151808,5
805,18nh_00152853,4
805,18nh_00152853,5
806,18nh_00152980,4
806,18nh_00152980,5
807,18nh_00158620,4
807,18nh_00158620,5
809,18nh_00163605,4
809,18nh_00163605,5
810,18nh_00166163,4
810,18nh_00166163,5
811,18nh_00168247,4
811,18nh_00168247,5
812,18nh_00171145,4
812,18nh_00171145,5
813,18nh_00171653,4
813,18nh_00171653,5
815,18nh_00173947,4
815,18nh_00173947,5
817,18nh_00180965,4
817,18nh_00180965,5
820,18nh_00182176,4
820,18nh_00182176,5
823,18nh_00183895,4
823,18nh_00183895,5
824,18nh_00191064,4
824,18nh_00191064,5
825,18nh_00193248,4
825,18nh_00193248,5
826,18nh_00193249,4
826,18nh_00193249,5
828,18nh_00210803,4
828,18nh_00210803,5
830,18nh_00216333,4
830,18nh_00216333,5
832,18nh_00225255,4
832,18nh_00225255,5
834,18nh_00244364,4
834,18nh_00244364,5
836,18nh_00253487,4
836,18nh_00253487,5
837,18nh_00257422,4
837,18nh_00257422,5
838,18nh_00257425,4
838,18nh_00257425,5
840,18nh_00264658,4
840,18nh_00264658,5
842,18nh_00270645,4
842,18nh_00270645,5
844,18nh_00272455,4
844,18nh_00272455,5
846,18nh_00289495,4
846,18nh_00289495,5
847,18nh_00294406,4
847,18nh_00294406,5
849,18nh_00300023,4
849,18nh_00300023,5
851,18nh_00306671,4
851,18nh_00306671,5
852,18nh_00313027,4
852,18nh_00313027,5
853,18nh_00314497,4
853,18nh_00314497,5
856,18nh_00317294,4
856,18nh_00317294,5
858,18nh_00324802,4
858,18nh_00324802,5
860,18nh_00335399,4
860,18nh_00335399,5
861,18nh_00338424,4
861,18nh_00338424,5
862,18nh_00340245,4
862,18nh_00340245,5
863,18nh_00341340,4
863,18nh_00341340,5
864,18nh_00343779,4
864,18nh_00343779,5
865,18nh_00345820,4
865,18nh_00345820,5
866,18nh_00345821,4
866,18nh_00345821,5
867,18nh_00352799,4
867,18nh_00352799,5
868,18nh_00352802,4
868,18nh_00352802,5
871,18nh_00363883,4
871,18nh_00363883,5
872,18nh_00366467,4
872,18nh_00366467,5
874,18nh_00369005,4
874,18nh_00369005,5
875,18nh_00369007,4
875,18nh_00369007,5
876,18nh_00372511,4
876,18nh_00372511,5
877,18nh_00373968,4
877,18nh_00373968,5
878,18nh_00378000,4
878,18nh_00378000,5
880,18nh_00390031,4
880,18nh_00390031,5
881,18nh_00390156,4
881,18nh_00390156,5
883,18nh_00393537,4
883,18nh_00393537,5
884,18nh_00394152,4
884,18nh_00394152,5
885,18nh_00394880,4
885,18nh_00394880,5
886,18nh_00404229,4
886,18nh_00404229,5
890,18nh_00426483,4
890,18nh_00426483,5
891,18nh_00427910,4
891,18nh_00427910,5
892,18nh_00427911,4
892,18nh_00427911,5
898,18nh_00448735,4
898,18nh_00448735,5
904,18nh_00459865,4
904,18nh_00459865,5
905,18nh_00460190,4
905,18nh_00460190,5
906,18nh_00470472,4
906,18nh_00470472,5
907,18nh_00477327,4
907,18nh_00477327,5
908,18nh_00488696,4
908,18nh_00488696,5
909,18nh_00491042,4
909,18nh_00491042,5
912,18nh_00512182,4
912,18nh_00512182,5
914,18nh_00521000,4
914,18nh_00521000,5
915,18nh_00528075,4
915,18nh_00528075,5
917,18nh_00547552,4
917,18nh_00547552,5
921,18nh_00562633,4
921,18nh_00562633,5
925,18nh_00581895,4
925,18nh_00581895,5
927,18nh_00583235,4
927,18nh_00583235,5
929,18nh_00583237,4
929,18nh_00583237,5
930,18nh_00584034,4
930,18nh_00584034,5
932,18nh_00584421,4
932,18nh_00584421,5
933,18nh_00588827,4
933,18nh_00588827,5
936,18nh_00610450,4
936,18nh_00610450,5
937,18nh_00617223,4
937,18nh_00617223,5
938,18nh_00620064,4
938,18nh_00620064,5
940,18nh_00644703,4
940,18nh_00644703,5
941,18nh_00644704,4
941,18nh_00644704,5
950,18nh_00678034,4
950,18nh_00678034,5
951,18nh_00702273,4
951,18nh_00702273,5
952,18nh_00702275,4
952,18nh_00702275,5
953,18nh_00706746,4
953,18nh_00706746,5
959,18nh_00752764,4
959,18nh_00752764,5
960,18nh_00758313,4
960,18nh_00758313,5
962,18nh_00777777,4
962,18nh_00777777,5
963,18nh_00778169,4
963,18nh_00778169,5
964,18nh_00782230,4
964,18nh_00782230,5
967,18nh_00801144,4
967,18nh_00801144,5
968,18nh_00801145,4
968,18nh_00801145,5
972,18nh_00845332,4
972,18nh_00845332,5
975,18nh_00857523,4
975,18nh_00857523,5
977,18nh_00858202,4
977,18nh_00858202,5
979,18nh_00859624,4
979,18nh_00859624,5
983,18nh_00891756,4
983,18nh_00891756,5
986,18nh_00919429,4
986,18nh_00919429,5
987,18nh_00922720,4
987,18nh_00922720,5
992,18nh_00954076,4
992,18nh_00954076,5
993,18nh_00956687,4
993,18nh_00956687,5
996,18nh_00971693,4
996,18nh_00971693,5
999,18nh_00982869,4
999,18nh_00982869,5
1001,18nh_00994451,4
1001,18nh_00994451,5
1006,18nh_01041932,4
1006,18nh_01041932,5
1007,18nh_01044358,4
1007,18nh_01044358,5
1024,18nh_01127336,4
1024,18nh_01127336,5
1027,18nh_01150016,4
1027,18nh_01150016,5
1029,18nh_01160817,4
1029,18nh_01160817,5
1033,18nh_01181370,4
1033,18nh_01181370,5
1035,18nh_01190096,4
1035,18nh_01190096,5
1036,18nh_01199437,4
1036,18nh_01199437,5
1037,18nh_01200324,4
1037,18nh_01200324,5
1038,18nh_01204418,4
1038,18nh_01204418,5
1039,18nh_01205943,4
1039,18nh_01205943,5
1040,18nh_01206992,4
1040,18nh_01206992,5
1041,18nh_01212060,4
1041,18nh_01212060,5
1045,18nh_01237232,4
1045,18nh_01237232,5
1047,18nh_01249425,4
1047,18nh_01249425,5
1049,18nh_01259677,4
1049,18nh_01259677,5
1050,18nh_01267934,4
1050,18nh_01267934,5
1053,18nh_01267938,4
1053,18nh_01267938,5
1054,18nh_01267940,4
1054,18nh_01267940,5
1055,18nh_01267941,4
1055,18nh_01267941,5
1058,18nh_01282626,4
1058,18nh_01282626,5
1060,18nh_01296779,4
1060,18nh_01296779,5
1061,18nh_01296780,4
1061,18nh_01296780,5
1062,18nh_01297276,4
1062,18nh_01297276,5
1063,18nh_01300388,4
1063,18nh_01300388,5
1064,18nh_01306006,4
1064,18nh_01306006,5
1065,18nh_01329567,4
1065,18nh_01329567,5
1069,18nh_01345121,4
1069,18nh_01345121,5
1071,18nh_01352453,4
1071,18nh_01352453,5
1080,18nh_01412014,4
1080,18nh_01412014,5
1082,18nh_01414067,4
1082,18nh_01414067,5
1084,18nh_01434577,4
1084,18nh_01434577,5
1085,18nh_01449054,4
1085,18nh_01449054,5
1090,18nh_01468530,4
1090,18nh_01468530,5
1093,18nh_01500598,4
1093,18nh_01500598,5
1094,18nh_01501239,4
1094,18nh_01501239,5
1095,18nh_01506772,4
1095,18nh_01506772,5
1096,18nh_01509702,4
1096,18nh_01509702,5
1097,18nh_01519642,4
1097,18nh_01519642,5
1098,18nh_01526756,4
1098,18nh_01526756,5
1103,18nh_01547765,4
1103,18nh_01547765,5
1111,18nh_01582741,4
1111,18nh_01582741,5
1112,18nh_01586455,4
1112,18nh_01586455,5
1113,18nh_01626423,4
1113,18nh_01626423,5
1120,18nh_01649375,4
1120,18nh_01649375,5
1121,18nh_01652885,4
1121,18nh_01652885,5
1125,18nh_01682179,4
1125,18nh_01682179,5
1128,18nh_01686662,4
1128,18nh_01686662,5
1129,18nh_01695880,4
1129,18nh_01695880,5
1130,18nh_01695881,4
1130,18nh_01695881,5
1132,18nh_01729914,4
1132,18nh_01729914,5
1133,18nh_01729916,4
1133,18nh_01729916,5
1134,18nh_01729917,4
1134,18nh_01729917,5
1135,18nh_01729919,4
1135,18nh_01729919,5
1136,18nh_01733337,4
1136,18nh_01733337,5
1138,18nh_01735837,4
1138,18nh_01735837,5
1140,18nh_01764607,4
1140,18nh_01764607,5
1141,18nh_01766653,4
1141,18nh_01766653,5
1143,18nh_01789612,4
1143,18nh_01789612,5
1144,18nh_01793662,4
1144,18nh_01793662,5
1148,18nh_01826651,4
1148,18nh_01826651,5
1149,18nh_01832505,4
1149,18nh_01832505,5
1150,18nh_01835009,4
1150,18nh_01835009,5
1152,18nh_01838999,4
1152,18nh_01838999,5
1153,18nh_01848336,4
1153,18nh_01848336,5
1154,18nh_01857404,4
1154,18nh_01857404,5
1155,18nh_01862831,4
1155,18nh_01862831,5
1160,18nh_01893924,4
1160,18nh_01893924,5
1164,18nh_01929706,4
1164,18nh_01929706,5
1165,18nh_01929707,4
1165,18nh_01929707,5
1166,18nh_01946469,4
1166,18nh_01946469,5
1167,18nh_01947172,4
1167,18nh_01947172,5
1174,18nh_01974115,4
1174,18nh_01974115,5
1176,18nh_01995699,4
1176,18nh_01995699,5
1178,18nh_01999863,4
1178,18nh_01999863,5
1179,18nh_02013250,4
1179,18nh_02013250,5
1182,18nh_02030682,4
1182,18nh_02030682,5
1194,18nh_02060927,4
1194,18nh_02060927,5
1202,18nh_02119205,4
1202,18nh_02119205,5
1203,18nh_02123309,4
1203,18nh_02123309,5
1204,18nh_02130615,4
1204,18nh_02130615,5
1205,18nh_02131031,4
1205,18nh_02131031,5
1209,18nh_02153872,4
1209,18nh_02153872,5
1210,18nh_02158360,4
1210,18nh_02158360,5
1212,18nh_02163475,4
1212,18nh_02163475,5
1213,18nh_02165775,4
1213,18nh_02165775,5
1217,18nh_02183184,4
1217,18nh_02183184,5
1218,18nh_02194153,4
1218,18nh_02194153,5
1227,18nh_02267087,4
1227,18nh_02267087,5
1229,18nh_02281924,4
1229,18nh_02281924,5
1231,18nh_02294621,4
1231,18nh_02294621,5
1232,18nh_02308971,4
1232,18nh_02308971,5
1237,18nh_02338074,4
1237,18nh_02338074,5
1240,18nh_02380596,4
1240,18nh_02380596,5
1244,18nh_02418076,4
1244,18nh_02418076,5
1247,18nh_02434779,4
1247,18nh_02434779,5
1253,18nh_02499727,4
1253,18nh_02499727,5
1255,18nh_02505230,4
1255,18nh_02505230,5
1257,18nh_02515858,4
1257,18nh_02515858,5
1261,18nh_02545294,4
1261,18nh_02545294,5
1264,18nh_02559205,4
1264,18nh_02559205,5
1272,18nh_02589995,4
1272,18nh_02589995,5
1276,18nh_02623507,4
1276,18nh_02623507,5
1278,18nh_02670105,4
1278,18nh_02670105,5
1282,18nh_02672037,4
1282,18nh_02672037,5
1283,18nh_02676874,4
1283,18nh_02676874,5
1287,18nh_02723890,4
1287,18nh_02723890,5
1288,18nh_02723891,4
1288,18nh_02723891,5
1289,18nh_02723892,4
1289,18nh_02723892,5
1290,18nh_02723893,4
1290,18nh_02723893,5
1296,18nh_02797097,4
1296,18nh_02797097,5
1297,18nh_02803202,4
1297,18nh_02803202,5
1299,18nh_02831749,4
1299,18nh_02831749,5
1301,18nh_02846596,4
1301,18nh_02846596,5
1302,18nh_02853261,4
1302,18nh_02853261,5
1305,18nh_02898515,4
1305,18nh_02898515,5
1306,18nh_02921774,4
1306,18nh_02921774,5
1307,18nh_02931473,4
1307,18nh_02931473,5
1310,18nh_02971906,4
1310,18nh_02971906,5
1311,18nh_02983718,4
1311,18nh_02983718,5
1313,18nh_02988514,4
1313,18nh_02988514,5
1314,18nh_03012869,4
1314,18nh_03012869,5
1318,18nh_03040611,4
1318,18nh_03040611,5
1319,18nh_03040612,4
1319,18nh_03040612,5
1321,18nh_03081168,4
1321,18nh_03081168,5
1322,18nh_03081169,4
1322,18nh_03081169,5
1323,18nh_03081170,4
1323,18nh_03081170,5
1325,18nh_03081172,4
1325,18nh_03081172,5
1326,18nh_03081173,4
1326,18nh_03081173,5
1327,18nh_03081174,4
1327,18nh_03081174,5
1328,18nh_03081175,4
1328,18nh_03081175,5
1332,18nh_03098867,4
1332,18nh_03098867,5
1333,18nh_03100368,4
1333,18nh_03100368,5
1334,18nh_03112447,4
1334,18nh_03112447,5
1335,18nh_03112448,4
1335,18nh_03112448,5
1341,18nh_03139729,4
1341,18nh_03139729,5
1342,18nh_03139732,4
1342,18nh_03139732,5
1352,18nh_03258713,4
1352,18nh_03258713,5
1355,18nh_03296630,4
1355,18nh_03296630,5
1356,18nh_03300702,4
1356,18nh_03300702,5
1360,18nh_03327064,4
1360,18nh_03327064,5
1369,18nh_03406491,4
1369,18nh_03406491,5
1373,18nh_03464598,4
1373,18nh_03464598,5
1380,18nh_03497148,4
1380,18nh_03497148,5
1383,18nh_03549100,4
1383,18nh_03549100,5
1393,18nh_03644536,4
1393,18nh_03644536,5
1397,18nh_03731628,4
1397,18nh_03731628,5
1401,18nh_03786327,4
1401,18nh_03786327,5
1403,18nh_03786329,4
1403,18nh_03786329,5
1415,18nh_03843531,4
1415,18nh_03843531,5
1416,18nh_03846240,4
1416,18nh_03846240,5
1417,18nh_03846241,4
1417,18nh_03846241,5
1418,18nh_03853360,4
1418,18nh_03853360,5
1419,18nh_03884601,4
1419,18nh_03884601,5
1424,18nh_03935858,4
1424,18nh_03935858,5
1426,18nh_03946211,4
1426,18nh_03946211,5
1432,18nh_04026795,4
1432,18nh_04026795,5
1437,18nh_04084933,4
1437,18nh_04084933,5
1439,18nh_04100489,4
1439,18nh_04100489,5
1443,18nh_04143632,4
1443,18nh_04143632,5
1450,18nh_04211223,4
1450,18nh_04211223,5
1451,18nh_04211224,4
1451,18nh_04211224,5
1460,18nh_04319261,4
1460,18nh_04319261,5
1462,18nh_04333618,4
1462,18nh_04333618,5
1465,18nh_04398747,4
1465,18nh_04398747,5
1467,18nh_04407163,4
1467,18nh_04407163,5
1470,18nh_04442629,4
1470,18nh_04442629,5
1473,18nh_04477958,4
1473,18nh_04477958,5
1475,18nh_04506852,4
1475,18nh_04506852,5
1478,18nh_04506858,4
1478,18nh_04506858,5
1488,18nh_04604357,4
1488,18nh_04604357,5
1489,18nh_04627379,4
1489,18nh_04627379,5
1494,18nh_04656632,4
1494,18nh_04656632,5
1495,18nh_04656633,4
1495,18nh_04656633,5
1503,18nh_04725577,4
1503,18nh_04725577,5
1505,18nh_04758096,4
1505,18nh_04758096,5
1515,18nh_04878797,4
1515,18nh_04878797,5
1516,18nh_04885883,4
1516,18nh_04885883,5
1523,18nh_04925346,4
1523,18nh_04925346,5
1524,18nh_04926634,4
1524,18nh_04926634,5
1525,18nh_04931433,4
1525,18nh_04931433,5
1528,18nh_04981566,4
1528,18nh_04981566,5
1534,18nh_05072689,4
1534,18nh_05072689,5
1538,18nh_05107952,4
1538,18nh_05107952,5
1543,18nh_05127133,4
1543,18nh_05127133,5
1544,18nh_05137439,4
1544,18nh_05137439,5
1545,18nh_05137440,4
1545,18nh_05137440,5
1550,18nh_05203883,4
1550,18nh_05203883,5
1551,18nh_05213171,4
1551,18nh_05213171,5
1555,18nh_05294396,4
1555,18nh_05294396,5
1557,18nh_05302491,4
1557,18nh_05302491,5
1568,18nh_05444694,4
1568,18nh_05444694,5
1569,18nh_05445136,4
1569,18nh_05445136,5
1574,18nh_05475618,4
1574,18nh_05475618,5
1581,18nh_05550489,4
1581,18nh_05550489,5
1586,18nh_05631974,4
1586,18nh_05631974,5
1588,18nh_05631976,4
1588,18nh_05631976,5
1589,18nh_05631977,4
1589,18nh_05631977,5
1590,18nh_05631979,4
1590,18nh_05631979,5
1591,18nh_05631980,4
1591,18nh_05631980,5
1605,18nh_05874066,4
1605,18nh_05874066,5
1606,18nh_05874067,4
1606,18nh_05874067,5
1611,18nh_05905289,4
1611,18nh_05905289,5
1618,18nh_05957310,4
1618,18nh_05957310,5
1628,18nh_06026467,4
1628,18nh_06026467,5
1629,18nh_06026468,4
1629,18nh_06026468,5
1630,18nh_06026469,4
1630,18nh_06026469,5
1631,18nh_06026470,4
1631,18nh_06026470,5
1632,18nh_06026471,4
1632,18nh_06026471,5
1633,18nh_06026472,4
1633,18nh_06026472,5
1634,18nh_06026473,4
1634,18nh_06026473,5
1635,18nh_06026474,4
1635,18nh_06026474,5
1637,18nh_06064724,4
1637,18nh_06064724,5
1639,18nh_06074419,4
1639,18nh_06074419,5
1646,18nh_06171284,4
1646,18nh_06171284,5
1651,18nh_06230378,4
1651,18nh_06230378,5
1657,18nh_06404672,4
1657,18nh_06404672,5
1662,18nh_06478043,4
1662,18nh_06478043,5
1665,18nh_06557091,4
1665,18nh_06557091,5
1668,18nh_06571715,4
1668,18nh_06571715,5
1671,18nh_06623254,4
1671,18nh_06623254,5
1672,18nh_06664035,4
1672,18nh_06664035,5
1674,18nh_06740068,4
1674,18nh_06740068,5
1675,18nh_06740069,4
1675,18nh_06740069,5
1682,18nh_06850019,4
1682,18nh_06850019,5
1683,18nh_06852752,4
1683,18nh_06852752,5
1700,18nh_07097041,4
1700,18nh_07097041,5
1701,18nh_07097042,4
1701,18nh_07097042,5
1702,18nh_07097043,4
1702,18nh_07097043,5
1705,18nh_07097047,4
1705,18nh_07097047,5
1713,18nh_07233383,4
1713,18nh_07233383,5
1715,18nh_07256879,4
1715,18nh_07256879,5
1725,18nh_07300477,4
1725,18nh_07300477,5
1729,18nh_07352050,4
1729,18nh_07352050,5
1737,18nh_07406140,4
1737,18nh_07406140,5
1738,18nh_07432140,4
1738,18nh_07432140,5
1739,18nh_07444853,4
1739,18nh_07444853,5
1741,18nh_07474202,4
1741,18nh_07474202,5
1742,18nh_07503532,4
1742,18nh_07503532,5
1743,18nh_07514091,4
1743,18nh_07514091,5
1745,18nh_07546633,4
1745,18nh_07546633,5
1748,18nh_07616730,4
1748,18nh_07616730,5
1749,18nh_07630454,4
1749,18nh_07630454,5
1750,18nh_07630821,4
1750,18nh_07630821,5
1753,18nh_07646206,4
1753,18nh_07646206,5
1756,18nh_07664340,4
1756,18nh_07664340,5
1760,18nh_07683510,4
1760,18nh_07683510,5
1764,18nh_07718851,4
1764,18nh_07718851,5
1769,18nh_07833808,4
1769,18nh_07833808,5
1777,18nh_08020886,4
1777,18nh_08020886,5
1785,18nh_08152069,4
1785,18nh_08152069,5
1793,18nh_08304229,4
1793,18nh_08304229,5
1796,18nh_08355756,4
1796,18nh_08355756,5
1799,18nh_08355761,4
1799,18nh_08355761,5
1804,18nh_08364549,4
1804,18nh_08364549,5
1809,18nh_08435339,4
1809,18nh_08435339,5
1814,18nh_08534007,4
1814,18nh_08534007,5
1819,18nh_08582880,4
1819,18nh_08582880,5
1826,18nh_08582890,4
1826,18nh_08582890,5
1843,18nh_08857608,4
1843,18nh_08857608,5
1862,18nh_09136989,4
1862,18nh_09136989,5
1863,18nh_09171263,4
1863,18nh_09171263,5
1873,18nh_09307831,4
1873,18nh_09307831,5
1874,18nh_09322745,4
1874,18nh_09322745,5
1877,18nh_09386986,4
1877,18nh_09386986,5
